index,movie_title,release_date,genre,MPAA_rating,total_gross,inflation_adjusted_gross,annotation
0,白雪公主和七个小矮人,"Dec 21, 1937",Musical,G,"$184,925,485","$5,228,953,251",1937年迪士尼首部动画长片，改编自格林童话，白雪公主在七个小矮人帮助下躲避邪恶皇后，最终获得幸福。
1,皮诺曹,"Feb 9, 1940",Adventure,G,"$84,300,000","$2,188,229,052",根据意大利童话改编，木偶皮诺曹经历成长、冒险与试炼，最终成为真正的男孩。
2,幻想曲,"Nov 13, 1940",Musical,G,"$83,320,000","$2,187,090,808",将古典音乐与动画艺术结合的实验电影，米老鼠主演的《魔法师的学徒》最具代表性。
3,南方之歌,"Nov 12, 1946",Adventure,G,"$65,000,000","$1,078,510,579",真人与动画结合的早期尝试，因种族争议在多年内未正式再版。
4,灰姑娘,"Feb 15, 1950",Drama,G,"$85,000,000","$920,608,730",改编自童话故事，讲述女孩在仙女帮助下参加舞会，与王子相爱的浪漫童话。
5,海底两万里,"Dec 23, 1954",Adventure,,"$28,200,000","$528,279,994",根据凡尔纳小说改编，探索神秘的“鹦鹉螺号”潜艇和尼摩船长的海底世界。
6,美女与流浪汉,"Jun 22, 1955",Drama,G,"$93,600,000","$1,236,035,515",家犬丽莎与流浪狗特兰普之间的爱情故事，展现跨越阶层的温情与浪漫。
7,睡美人,"Jan 29, 1959",Drama,,"$9,464,608","$21,505,832",被施咒沉睡的奥萝拉公主，最终在真爱之吻下苏醒，重获新生的经典童话。
8,一百零一斑点狗,"Jan 25, 1961",Comedy,G,"$153,000,000","$1,362,870,985",狗狗家族奋力救出被绑架的99只小狗，反抗邪恶女巫库伊拉的冒险故事。
9,心不在焉的教授,"Mar 16, 1961",Comedy,,"$25,381,407","$310,094,574",教授发明了会飞的橡胶“Flubber”，引发一连串科学与生活的喜剧事件。
10,玩具乐园历险记,"Dec 14, 1961",Musical,G,"$10,218,316","$124,841,160",两名儿童误入神奇玩具世界，展开冒险并发现现实世界中的勇气。
11,一路顺风！,"May 17, 1962",Comedy,Not Rated,"$9,230,769","$109,581,646",一家人开车横穿美国，沿途发生的一系列温馨又搞笑的旅程。
12,石中剑,"Dec 25, 1963",Adventure,,"$22,182,353","$153,870,834",讲述亚瑟王少年时期拔出石中剑，成为王者的传奇成长故事。
13,森林王子,"Oct 18, 1967",Musical,Not Rated,"$141,843,000","$789,612,346",改编自吉卜林的小说，毛克利在森林中与动物为伴，寻找身份归属。
14,黑胡子的幽灵,"Feb 8, 1968",Comedy,,"$21,540,050","$138,612,686",学生偶然唤醒“黑胡子”幽灵，意外展开古怪但搞笑的校园冒险。
15,猫儿历险记,"Apr 24, 1970",Musical,G,"$55,675,257","$255,161,499",被遗弃的巴黎贵族猫咪一家在流浪猫奥马利帮助下返回家园。
16,船员奇遇记,"Jul 1, 1970",Comedy,,"$18,607,492","$101,200,742",航海题材冒险故事，主角们在海上经历未知挑战与成长。
17,神奇魔床与扫帚,"Oct 7, 1971",Musical,,"$17,871,174","$91,305,448",女巫带领三位孤儿搭乘飞床穿越魔法世界，拯救二战中的英格兰。
18,苹果帮,"Jul 1, 1975",Comedy,,"$31,916,500","$131,246,872",讲述一群正义孩子组成的“苹果帮”揭露校园不良势力的喜剧冒险片。
19,疯狂星期五,"Jan 21, 1977",Comedy,,"$25,942,000","$98,067,733",母女互换身体后，体验彼此生活，从冲突到理解的温情喜剧。
20,小熊维尼历险记,"Mar 11, 1977",,,$0,$0,维尼与朋友们在百亩森林中展开一系列日常而温暖的小冒险。
21,鼠来宝,"Jun 22, 1977",Adventure,,"$48,775,599","$159,743,914",三只会唱歌的花栗鼠兄弟成为流行音乐偶像的欢乐家庭影片。
22,哈比赛车摩纳哥,"Jun 24, 1977",,,"$28,000,000","$105,847,527",赛车手驾驶智能汽车参加摩纳哥大赛，融合幽默与动作。
23,黑洞,"Dec 21, 1979",,,"$35,841,901","$120,377,374",迪士尼首部太空科幻片，飞船“帕洛米诺”号探索黑洞的神秘世界。
24,午夜疯狂,"Feb 8, 1980",,,"$2,900,000","$9,088,096",一群大学生参与寻宝竞赛，夜晚城市中展开混乱而爆笑的冒险。
25,诺亚方舟最后的飞行,"Jun 25, 1980",,,"$11,000,000","$34,472,116",现代版诺亚方舟故事，动植物面临末日洪水展开避难。
26,魔鬼与马克斯·德文,"Jan 1, 1981",,,"$16,000,000","$48,517,980",少年遇到自称“魔鬼”的神秘人，展开信念与选择的考验。
27,艾米,"Mar 20, 1981",Drama,,$0,$0,一位聋哑女孩通过训练动物获得沟通与自信，是一部感人儿童成长片。
28,狐狸与猎狗,"Jul 10, 1981",Comedy,,"$43,899,231","$133,118,889",幼年相识的狐狸和猎狗因成长和社会立场变为敌人，充满感伤与现实寓意。
29,间谍康多曼,"Aug 7, 1981",Action,,$0,$0,幽默特工片，主角获得超级装备化身“康多曼”展开间谍冒险。
30,夜渡,"Feb 5, 1982",Drama,,"$4,500,000","$12,903,059",主角在黑夜中展开救援任务，紧张刺激的悬疑动作片。
31,电子世界争霸战,"Jul 9, 1982",Action,,"$26,918,576","$77,184,895",程序员进入电脑世界，参与数字化战斗，开创视觉特效新纪元。
32,特克斯,"Nov 19, 1982",Drama,,"$7,199,408","$20,643,199",科学实验引发失控，描绘科技与道德冲突的科幻剧情。
33,风衣,"Mar 11, 1983",Comedy,,"$4,304,286","$11,519,089",小镇风波中揭示隐藏秘密的剧情片，融合喜剧与轻悬疑元素。
34,邪恶悄然而至,"Apr 29, 1983",Horror,,"$5,656,087","$15,136,765",村庄中陆续发生离奇事件，反映人性黑暗与社会不安的惊悚片。
35,狼的沉默,"Oct 7, 1983",Drama,,"$27,668,764","$70,669,955",动物与人之间的生死较量，展现野性与文明的边界。
36,勇往直前,"Nov 4, 1983",Drama,,"$1,204,595","$3,223,725",讲述主角不屈不挠挑战极限，最终成功的励志故事。
37,人鱼传说,"Mar 9, 1984",Comedy,PG,"$62,599,495","$157,057,661",人鱼与人类的奇幻爱情，强调自然与人性的融合。
38,乡村,"Sep 29, 1984",Drama,,"$8,400,000","$21,075,000",展现美国乡村生活的人情味与真实困境的剧情片。
39,宝贝：失落传奇的秘密,"Mar 22, 1985",Adventure,,"$14,276,095","$33,900,697",失落传奇的秘密：少年在意外中发现一段失落宝藏传说，引发冒险。
40,回到奥兹国,"Jun 21, 1985",Adventure,,"$10,618,813","$25,215,934",续作设定，女主角再次进入奥兹国，对抗新恶势力，延续经典童话。
41,黑色大坩埚,"Jul 24, 1985",Adventure,,"$21,288,692","$50,553,142",暗黑风格动画，少年对抗邪恶国王复活骷髅军团的史诗奇幻冒险。
42,我的科学项目,"Aug 9, 1985",Comedy,,"$4,100,000","$9,736,051",学生为完成作业激活外星科技，造成时空混乱的青春科幻片。
43,纳蒂·甘的旅程,"Sep 27, 1985",Drama,,"$9,468,512","$22,302,956",美国大萧条时期，少女独自穿越美国寻找失踪父亲的感人旅程。
44,神奇的圣诞节,"Nov 22, 1985",Drama,,"$13,229,514","$31,415,432",圣诞节前夕，主角因愿望实现而体验魔法、亲情与友情的故事。
45,比佛利山的穷人,"Jan 31, 1986",Comedy,R,"$62,134,225","$141,183,693",乡下人意外成为富豪家庭，在比佛利山经历文化冲突与喜剧生活。
46,疯狂节奏,"Apr 11, 1986",Comedy,,"$4,842,778","$11,003,932",音乐喜剧片，讲述年轻人追求梦想、组织乐队挑战主流的过程。
47,冷酷的人,"Jun 27, 1986",Comedy,R,"$71,624,879","$162,748,712",描绘一个反派如何陷入复杂情感与道德困境的深沉剧情。
48,鼠侦探,"Jul 2, 1986",Adventure,,"$23,605,534","$53,637,367",小老鼠版福尔摩斯“巴兹洛”侦破邪恶博士的绑架案，充满悬疑与幽默。
49,导航者飞行,"Jul 30, 1986",Adventure,,"$18,564,613","$42,183,197",男孩被外星飞船带走后回归地球，时间却已过去多年，科幻感人故事。50，狠角色：讲述一名冷酷无情的反英雄在黑帮与正义之间挣扎的动作犯罪故事。
50,狠角色,"Oct 3, 1986",Comedy,,"$21,458,229","$48,758,184",
51,金钱本色,"Oct 17, 1986",Drama,R,"$52,293,000","$117,957,323",围绕金融界的贪欲与道德冲突，揭示幕后权力博弈的惊心篇章。
52,惊世奇缘,"Jan 30, 1987",Comedy,R,"$52,864,741","$113,976,921",一段跨越阶层与时代的浪漫爱情，奇遇与命运交织。
53,锡人,"Mar 6, 1987",Comedy,,"$25,411,386","$54,787,202",改编自经典童话《锡兵》，带有现实寓意的奇幻冒险。
54,欧内斯特去野营,"May 22, 1987",Comedy,,"$23,509,382","$50,686,462",喜剧片，憨厚的欧内斯特误打误撞进入露营地，引发系列搞笑事故。
55,被追捕的本吉,"Jun 5, 1987",Adventure,,"$15,212,539","$32,798,382",讲述主人公本吉被诬陷追捕，展开逃亡与自救的惊险旅程。
56,保姆历险记,"Jul 3, 1987",Comedy,,"$33,790,923","$72,853,569",一名普通保姆因卷入阴谋与危险，被迫发挥智慧与勇气保全所爱。
57,埋伏,"Aug 5, 1987",Comedy,R,"$65,673,233","$141,592,160",悬疑惊悚题材，围绕一场精心策划的埋伏展开，充满心理博弈与反转。
58,爱情无价,"Aug 14, 1987",Romantic Comedy,,"$31,623,833","$68,181,300",通过几个普通人物的遭遇，探讨爱情的真谛与价值。
59,再次问候,"Nov 6, 1987",Comedy,,"$20,419,446","$44,024,529",一封跨越时间的来信，唤醒人与人之间被遗忘的过去与温情。
60,三个男人和一个宝贝,"Nov 25, 1987",Comedy,PG,"$167,780,960","$353,334,607",三位单身男士意外成为婴儿的临时监护人，从混乱中学会成长与担当。
61,早安，越南,"Dec 23, 1987",Comedy,R,"$123,922,370","$254,414,837",以电台主持人的视角展现越南战争期间的喜剧与人性冲突。
62,杀戮现场,"Feb 12, 1988",Action,,"$29,300,000","$60,097,074",描绘一桩连环杀人事件的调查与追踪，气氛紧张惊悚。
63,死亡公告,"Mar 18, 1988",Thriller/Suspense,,"$12,706,478","$26,062,188",一起看似普通的死亡公告背后隐藏惊天秘密，引发连锁事件。
64,重返雪河,"Apr 15, 1988",Adventure,PG,"$13,687,027","$28,073,384",探险题材，人物返回曾经的雪地小镇，面对古老的传说与未知危险。
65,大买卖,"Jun 10, 1988",Comedy,PG,"$40,150,487","$82,352,451",喜剧黑帮片，在一场交易中揭示人性善恶与欲望的博弈。
66,谁陷害了兔子罗杰？,"Jun 22, 1988",Comedy,PG,"$154,112,492","$316,250,084",真人与动画结合经典电影，侦探调查卡通明星“兔子罗杰”的谋杀案。
67,鸡尾酒,"Jul 29, 1988",Drama,R,"$78,222,753","$160,442,289",以酒吧调酒师生活为主线，描绘友情、爱情与梦想的交汇。
68,援救行动,"Aug 5, 1988",Action,,"$5,855,392","$12,009,960",讲述一支特种小队执行高风险救援任务的军事动作片。
69,心碎酒店,"Sep 30, 1988",Comedy,,"$5,509,417","$11,300,331",一座奇异酒店里，来客带着伤痛与秘密相遇，在疗愈与冲突中寻找出口。
70,好母亲,"Nov 4, 1988",Drama,,"$4,764,606","$9,772,655",一位母亲为保护孩子付出巨大代价，展现亲情伟大与复杂情感。
71,欧内斯特救圣诞,"Nov 11, 1988",Comedy,PG,"$28,202,109","$57,845,202",欧内斯特再次出场，这次卷入圣诞节危机，展开荒诞搞笑的拯救行动。
72,奥利弗与伙伴,"Nov 18, 1988",Adventure,G,"$49,576,671","$102,254,492",改编自狄更斯《雾都孤儿》，孤儿奥利弗与新朋友们逃避恶势力、寻求真相与归属。
73,海滩,"Dec 21, 1988",Drama,PG-13,"$57,041,866","$120,381,757",年轻人前往东南亚海滩度假，陷入毒品、犯罪与人生迷茫的青春迷失故事。
74,三个逃犯,"Jan 27, 1989",Comedy,PG-13,"$40,590,000","$85,757,817",三名囚犯联手越狱后在逃亡途中经历友情、背叛与救赎。
75,纽约故事,"Mar 1, 1989",Drama,PG,"$10,763,469","$22,740,861",多线叙事融合音乐、爱情、奋斗，展现大都市不同人物的片段人生。
76,无组织犯罪,"Apr 14, 1989",Comedy,,"$7,210,149","$15,233,465",以帮派斗争为背景，讲述街头暴力与司法系统的冲突。
77,死亡诗社,"Jun 2, 1989",Drama,PG,"$95,860,116","$202,531,517",教师用诗歌唤醒学生自我意识，鼓励他们勇敢追求人生梦想。
78,亲爱的，我把孩子缩小了,"Jun 23, 1989",Adventure,PG,"$130,724,172","$276,191,669",科学实验意外把孩子缩小，引发家长惊慌与温情幽默的成长故事。
79,特纳与胡奇,"Jul 28, 1989",Comedy,PG,"$71,079,915","$150,176,361",父子搭档解决悬案，结合公路片幽默与家庭亲情。
80,猎豹,"Aug 18, 1989",Adventure,,"$7,882,250","$16,653,473",动作惊悚题材，主角化身职业猎人追捕犯罪目标，速度与智慧较量。
81,无辜者,"Oct 6, 1989",Drama,R,"$19,397,847","$40,983,414",冤枉者为洗清冤屈展开调查，一场司法与真相的较量。
82,人体解剖课,"Oct 20, 1989",Drama,PG-13,"$11,346,186","$23,972,012",医学院场景下的伦理困境与神秘失踪，引发悬疑与人性反思。
83,小美人鱼,"Nov 15, 1989",Adventure,G,"$111,543,479","$223,726,012",翻拍经典童话，小美人鱼在海底与陆地世界间追寻真爱与自我。
84,烈焰,"Dec 13, 1989",Drama,R,"$19,049,727","$39,884,640",消防员在面对大火与自我恐惧中，展现勇气与牺牲精神。
85,斯特拉,"Feb 2, 1990",Drama,PG-13,"$20,062,347","$40,077,147",以女性视角为主线，讲述斯特拉在爱情、事业和成长中的抉择。
86,心之所向,"Feb 23, 1990",Comedy,,"$1,106,475","$2,210,321",跨国爱恋与文化冲突背景下，两颗心的相遇与求索。
87,风月俏佳人,"Mar 23, 1990",Romantic Comedy,R,"$178,406,268","$356,389,765",融合喜剧与浪漫元素，讲述一位性工作者在现代都市里的自我救赎。
88,欧内斯特入狱,"Apr 6, 1990",Comedy,PG,"$25,029,569","$49,999,822",欧内斯特误入监狱，凭借他的笨拙与善良引发一系列啼笑皆非的囧事。
89,太空入侵者,"Apr 27, 1990",Comedy,PG,"$15,000,000","$29,964,452",科幻片，地球遭遇外星入侵，少数幸存者奋起反抗保卫家园。
90,火鸟,"May 24, 1990",Action,PG-13,"$14,760,451","$29,485,923",奇幻动画或动作片，围绕传说中的神秘火鸟展开史诗冒险。
91,狄克·特雷西,"Jun 15, 1990",Action,PG,"$103,738,726","$207,231,621",根据漫画英雄改编，绅士侦探捍卫正义，画风夸张幽默感强。
92,贝琪的婚礼,"Jun 22, 1990",Comedy,R,"$19,740,070","$39,433,357",浪漫喜剧，婚礼前夕的危机、家族矛盾与新娘成长故事交织。
93,蜘蛛恐惧症,"Jul 18, 1990",Thriller/Suspense,PG-13,"$53,208,180","$106,290,270",剧情或惊悚片，一位对蜘蛛恐惧的主人公被迫面对内心恐惧展开极限逃生。
94,唐老鸭剧场版：失落宝灯,"Aug 3, 1990",Adventure,G,"$18,075,331","$36,107,823",失落宝灯：迪士尼经典角色唐老鸭主演的冒险动画，寻找传说中的神秘宝物。
95,照顾生意,"Aug 17, 1990",Comedy,R,"$20,005,435","$39,963,460",喜剧剧情，主角继承或经营家族生意，经历挫折、爱情与成长。
96,命运先生,"Oct 12, 1990",Comedy,PG-13,"$15,379,253","$30,722,056",超自然或奇幻题材，主角获得操控他人命运的能力，引发伦理与悬疑冲突。
97,鼠来宝2：澳洲奇缘,"Nov 16, 1990",Adventure,G,"$27,931,461","$55,796,728",澳洲奇缘：花栗鼠喜剧续集，三兄妹花栗鼠漂洋过海在澳洲展开大冒险。
98,三个男人和小女人,"Nov 21, 1990",Comedy,PG,"$71,609,321","$143,108,869",续作故事，两位成熟男伴与少女共同面对生活考验与成长。
99,绿卡,"Dec 25, 1990",Romantic Comedy,PG-13,"$29,804,169","$59,679,131",讲述移民夫妻为获得绿卡所做努力，喜剧与爱情交错的文化冲突故事。
100,白牙,"Jan 18, 1991",Adventure,PG,"$34,729,091","$69,540,672",根据杰克·伦敦小说改编，描写狼犬“白牙”在荒野中求生并与人类建立信任的故事。
101,商场情景,"Feb 22, 1991",Comedy,,"$9,563,393","$19,149,495",喜剧片，展示一群人在百货公司中经历的滑稽事件与人际冲突。
102,哈康·霍孔森,"Mar 1, 1991",Adventure,PG,"$15,024,232","$30,084,149",根据挪威历史人物改编，讲述王子哈康在中世纪政治斗争中成长的传记片。
103,结婚的男人,"Apr 5, 1991",Romantic Comedy,R,"$12,454,768","$24,939,118",浪漫喜剧，一位男子在婚前夕陷入感情和责任的双重困境。
104,奥斯卡,"Apr 26, 1991",Comedy,PG,"$23,562,716","$47,181,395",喜剧片，史泰龙饰演一位黑帮老大试图过上正经生活，引发一连串混乱误会。
105,一位好警官,"May 3, 1991",Action,R,"$11,276,846","$22,580,472",描绘一位原则坚定警察在腐败体制中坚持正义的故事。
106,鲍勃怎么办？,"May 17, 1991",Comedy,PG,"$63,710,000","$127,571,325",心理医生的生活被一位依赖成性的病人鲍勃彻底搅乱，引发喜剧冲突。
107,不灭的心,"May 24, 1991",Drama,,"$7,300,000","$14,617,333",励志传记片，展现一位战士或艺术家在逆境中坚持信念、追求梦想的过程。
108,火箭人,"Jun 21, 1991",Action,PG,"$46,573,027","$93,256,673",讲述普通人为实现太空梦误打误撞成为宇航员的搞笑科幻片。
109,医生,"Jul 24, 1991",Drama,PG-13,"$37,497,480","$75,084,021",一位医生在自己身患癌症后，反思医生与病人之间关系的感人故事。
110,天堂,"Sep 18, 1991",Drama,PG-13,"$18,634,643","$37,313,540",描绘两个灵魂在来世重逢，关于生命、死亡与爱的温情故事。
111,欺骗,"Sep 27, 1991",Thriller/Suspense,PG-13,"$28,738,096","$57,544,453",悬疑剧情片，讲述一位女子在婚姻与阴谋中努力寻找真相。
112,欧内斯特被吓傻,"Oct 11, 1991",Comedy,PG,"$14,143,280","$28,320,147",欧内斯特再次闹笑话，这次误入鬼屋展开荒诞又爆笑的惊魂夜。
113,比利·巴斯盖特,"Nov 1, 1991",Drama,R,"$15,565,363","$31,167,691",讲述一个少年如何在 1930 年代的黑帮世界中成长与觉醒。
114,美女与野兽,"Nov 13, 1991",Musical,G,"$218,951,625","$363,017,667",迪士尼经典爱情动画，智慧女孩贝儿与被诅咒的野兽相知相爱，打破外表偏见。
115,新娘的父亲,"Dec 20, 1991",Comedy,PG,"$89,325,780","$179,821,881",父亲面对女儿出嫁过程中的百感交集，是家庭题材的喜剧感人之作。
116,摇篮摇动者之手,"Jan 10, 1992",Thriller/Suspense,R,"$88,036,683","$178,831,137",惊悚片，一位保姆暗中策划复仇，对雇主家庭构成威胁。
117,荒野医生,"Feb 7, 1992",Drama,PG-13,"$44,948,240","$91,304,495",医生离开都市到偏远地区服务，见证人与自然的挑战与希望。
118,怪罪门童,"Mar 6, 1992",Comedy,PG-13,"$2,891,055","$5,872,667",讲述饭店门童被牵连进一桩误会案件，展开一系列笑料百出的误解。
119,幕后嘈杂,"Mar 20, 1992",Comedy,PG-13,"$2,280,148","$4,631,720",舞台剧团的幕后故事，展现演员之间复杂而动人的情感纠葛。
120,直言不讳,"Apr 3, 1992",Comedy,PG,"$21,202,099","$43,068,356",一名习惯“说真话”的人如何影响身边人，并重新审视自己生活的喜剧片。
121,送报童,"Apr 8, 1992",,PG,"$2,706,352","$5,497,481",改编真实罢工事件，讲述 19 世纪末送报童反抗资本压榨的励志合唱电影。
122,去世,"Apr 24, 1992",,PG-13,"$4,030,793","$8,187,848",黑色幽默作品，描绘一场奇怪死亡事件背后的荒谬生活。
123,恩西诺男人,"May 22, 1992",Comedy,PG,"$40,057,130","$81,369,058",两个青少年在后院发现被冻结数千年的穴居人，引发校园爆笑风波。
124,修女也疯狂,"May 29, 1992",Comedy,PG,"$139,605,150","$283,583,472",歌手为逃避追杀藏身修道院，并带领修女唱圣歌走红的音乐喜剧。
125,亲爱的，我把孩子吹大了,"Jul 17, 1992",Comedy,PG,"$58,662,452","$119,162,518",科学家意外让儿子变成巨人，引发城市惊慌与温情亲情故事。
126,我们之中有陌生人,"Jul 17, 1992",Drama,PG-13,"$12,282,994","$24,950,752",一名陌生人的出现打乱了家庭关系，充满悬念与情感张力。
127,三个忍者,"Aug 7, 1992",Action,PG,"$29,028,000","$58,965,304",三位兄弟接受爷爷的忍者训练，在正义与冒险中对抗邪恶势力。
128,贝蒂·路易手提包里的枪,"Aug 21, 1992",,PG-13,"$3,591,460","$7,295,423",一场旅行中发现枪支，引出背后的犯罪谜团与女性成长。
129,罗恩船长,"Sep 18, 1992",Comedy,PG-13,"$22,518,097","$45,741,576",家庭冒险片，讲述船长父亲带领家人乘船探险、增进亲情的旅程。
130,萨拉菲娜！,"Sep 18, 1992",Drama,PG-13,"$7,306,242","$14,841,352",聚焦南非反种族隔离斗争中青少年意识觉醒与抗争精神的音乐剧情片。
131,纯真血液,"Sep 25, 1992",Horror,R,"$4,877,567","$9,907,922",一位年轻女性卷入吸血鬼世界的惊悚浪漫故事。
132,神奇鸭队,"Oct 2, 1992",Comedy,PG,"$50,752,337","$103,120,810",一支不被看好的儿童冰球队在新教练带领下实现奇迹逆转。
133,1492：征服天堂,"Oct 9, 1992",Adventure,PG-13,"$7,099,531","$14,421,454",征服天堂：讲述哥伦布航行美洲的故事，探索发现与殖民的历史大戏。
134,合意的成年人,"Oct 16, 1992",Drama,R,"$21,591,728","$43,859,823",两位成年人因家庭关系被迫一起生活，彼此冲突中逐渐理解对方。
135,阿拉丁,"Nov 11, 1992",Comedy,G,"$217,350,219","$441,969,178",阿拉丁与神灯的冒险故事，包含爱情、魔法与成长，迪士尼音乐动画代表作。
136,杰出绅士,"Dec 4, 1992",Comedy,R,"$46,434,570","$94,349,900",主角以古典风格对抗现代不正之风，展现英式幽默与风度。
137,布偶圣诞颂,"Dec 11, 1992",Comedy,G,"$27,281,507","$55,417,615",布偶剧改编狄更斯的《圣诞颂歌》，融合布偶幽默与圣诞感动。
138,活着,"Jan 15, 1993",Adventure,R,"$36,299,670","$73,914,543",面对家庭变故与生活压力，主角用爱与坚强重建新生。
139,极限阿斯本,"Jan 22, 1993",Romantic Comedy,PG-13,"$7,843,388","$15,970,955",极限运动题材青春电影，展现滑雪、友情与梦想追逐。
140,归途奇兵,"Feb 3, 1993",Adventure,G,"$41,833,324","$85,182,343",两只狗和一只猫穿越森林归家，是家庭与忠诚的感人冒险故事。
141,墓地俱乐部,"Feb 3, 1993",Comedy,PG-13,"$5,583,621","$11,369,541",黑色幽默风格的片子，一群老人组成俱乐部对抗生活的枯燥。
142,摇摆少年,"Mar 5, 1993",Musical,PG-13,"$5,632,086","$11,468,231",青少年通过舞蹈找到人生方向，青春与奋斗的励志舞剧片。
143,遥远的地方,"Mar 12, 1993",Adventure,PG,"$12,890,752","$26,248,558",讲述异国恋人相遇与离别，地理与文化之间的爱情考验。
144,昨日出生,"Mar 26, 1993",Romantic Comedy,PG,"$17,760,754","$36,165,012",主人公意外穿越时间回到过去，重新审视选择与人生。
145,哈克贝利·费恩的冒险,"Apr 2, 1993",Adventure,PG,"$24,103,594","$49,080,505",改编自马克·吐温小说，小男孩与奴隶逃亡途中展开冒险，反映美国南方社会。
146,荣誉之约,"Apr 16, 1993",,R,"$4,496,583","$9,156,084",一场战友之间的承诺与履行，贯穿友情、战争与救赎。
147,印度之夏,"Apr 23, 1993",Comedy,R,"$14,717,851","$29,968,953",以印度为背景，展现文化冲突与个人成长的浪漫剧情。
148,超级马里奥兄弟,"May 28, 1993",Action,PG,"$20,844,907","$42,445,058",根据游戏改编，马里奥兄弟穿越平行世界打败反派库巴的奇幻冒险。
149,罪恶无边,"Jun 4, 1993",Thriller/Suspense,R,"$22,622,537","$46,064,723",一部描绘道德沦丧与城市黑暗面的犯罪剧情片。
150,和米基共度生活,"Jun 4, 1993",Comedy,PG,"$12,349,549","$25,146,538",米奇与朋友们在现实世界中共同解决日常问题与友情考验的温馨喜剧。
151,爱又何干,"Jun 9, 1993",Drama,R,"$39,100,956","$79,618,610",探讨真爱意义的浪漫喜剧，两个看似不相干的人在误会中擦出火花。
152,法律之子,"Jul 2, 1993",Comedy,PG-13,"$25,989,889","$52,921,433",一位律师的儿子被卷入法律案件后，在父亲的引导下成长并理解正义。
153,魔法奇缘,"Jul 16, 1993",Comedy,PG,"$39,360,491","$80,147,079",少女意外获得魔法能力后，踏上寻找自我与爱情的奇幻旅程。
154,再次埋伏,"Jul 23, 1993",Comedy,PG-13,"$20,107,504","$40,943,541",续作式的悬疑惊悚，原班人马陷入新的精密陷阱与心理博弈。
155,我的男友回来了,"Aug 6, 1993",,PG-13,"$3,218,882","$6,554,384",前男友突然出现，打乱主角生活，引发情感与喜剧冲突。
156,父亲的庇护,"Aug 27, 1993",,PG-13,"$3,268,203","$6,654,819",父女关系为中心，展现父亲为女儿撑起一片天的温情故事。
157,喜福会,"Sep 8, 1993",Drama,R,"$32,790,064","$66,768,171",四位华裔母亲与女儿的代际对话，呈现文化差异与身份认同的思考。
158,无本之利,"Sep 10, 1993",Comedy,R,"$1,044,824","$2,127,496",一笔“零成本”交易看似美好，却隐藏道德与法律的考验。
159,节目,"Sep 24, 1993",Action,R,"$23,042,200","$46,919,256",以电视节目拍摄为背景，揭示幕后真实与荧幕表象之间的差距。
160,冰上奇迹,"Oct 1, 1993",Comedy,PG,"$68,856,263","$140,392,731",一个女子冰球队在逆境中勇攀巅峰、拼搏实现梦想的励志故事。
161,圣诞前夜梦魇,"Oct 13, 1993",Musical,PG,"$50,408,318","$100,026,637",改编自《圣诞夜惊魂》，黑暗童话风格中兼具幽默与惊悚。
162,三剑客,"Nov 12, 1993",Adventure,PG,"$53,661,805","$109,310,377",改编自大仲马经典，三位剑客与好友共同对抗阴谋、守护法国荣誉。
163,修女也疯狂2：重返修道院,"Dec 10, 1993",Comedy,PG,"$57,319,029","$116,965,668",重返修道院：续集继续音乐喜剧风格，修女们再度掀起风波与欢乐。
164,墓碑镇,"Dec 25, 1993",Western,R,"$56,505,065","$115,781,734",西部风格惊悚故事，小镇居民面对一起神秘死亡案件。
165,高空雄鹰,"Jan 7, 1994",Comedy,PG,"$20,782,439","$42,940,186",航空题材，讲述试飞员挑战极限与自我救赎的飞行故事。
166,船舱男孩,"Jan 7, 1994",Comedy,PG-13,"$3,469,493","$7,168,577",孤儿在船上成长，经历冒险、友情与自我发现的旅程。
167,铁意志,"Jan 14, 1994",Drama,PG,"$20,623,071","$42,610,902",冷酷环境下的奋斗史，主人公靠意志与牺牲追求理想。
168,红岩西部,"Jan 28, 1994",,R,"$2,502,551","$5,170,709",美国西部片风格，牛仔们守护小镇对抗恶势力。
169,空白支票,"Feb 11, 1994",Comedy,PG,"$30,573,770","$63,170,804",一张空白支票改变了少年的命运，他用它来梦想与冒险。
170,安吉,"Mar 4, 1994",Comedy,R,"$9,252,349","$19,116,981",少女在逆境中寻找家庭的认同与自我的成长故事。
171,裁判,"Mar 9, 1994",Comedy,R,"$11,325,885","$23,401,275",体育题材，围绕一位裁判在比赛与人生中的挑战与抉择。
172,D2：神奇鸭队,"Mar 25, 1994",Comedy,PG,"$45,604,206","$94,226,333",神奇鸭队：续集继续讲述儿童冰球队的奋斗史，团队合作再创奇迹。
173,神圣婚礼,"Apr 8, 1994",Comedy,,"$713,234","$1,473,665",在战争或宗教背景下，一场婚礼改变了两家人的命运。
174,白牙2：白狼传奇,"Apr 15, 1994",Adventure,PG,"$8,752,399","$18,083,994",白狼传奇：延续“白牙”故事，白狼与人类的信任关系再次面临考验。
175,墨水笔记,"Apr 22, 1994",Comedy,R,"$8,864,699","$18,316,030",一个魔法笔记本赋予写下内容变成现实，引发奇妙与危险。
176,当男人爱上女人,"Apr 29, 1994",Drama,R,"$50,021,959","$103,354,194",浪漫喜剧，男人体验女人生活后重新认识爱情与性别差异。
177,三个忍者再战,"May 6, 1994",Action,PG,"$11,744,960","$24,267,154",忍者兄弟系列续作，继续对抗邪恶势力，融入友情与家庭元素。
178,文艺复兴人,"Jun 3, 1994",Comedy,PG-13,"$24,172,899","$49,945,474",文艺青年在现代社会追寻艺术与自我表达的成长故事。
179,狮子王,"Jun 15, 1994",Adventure,G,"$422,780,140","$761,640,898",迪士尼经典动画，讲述幼狮辛巴在亲情、友情与责任中成长为王者的传奇。
180,我爱麻烦,"Jun 29, 1994",Romantic Comedy,PG,"$30,806,194","$63,651,027",喜剧片，主角制造或无意陷入麻烦，却在混乱中获得成长。
181,天使守望外野,"Jul 15, 1994",Comedy,PG,"$50,236,831","$103,798,152",围绕体育比赛与守护主题，一位“天使”教练或球员引领团队走出困境。
182,现在参军,"Aug 12, 1994",Comedy,PG,"$28,881,266","$59,673,787",喜剧与成长交织，描绘年轻人参军后面对纪律、友情与战争体验。
183,夜色,"Aug 19, 1994",Thriller/Suspense,R,"$19,750,470","$40,804,816",都市夜晚的群像故事，包括爱情、犯罪与人性在黑夜中展现的面貌。
184,无处营地,"Aug 26, 1994",Comedy,PG,"$10,442,641","$21,576,332",一群青年露营面临自然挑战与团队合作的野外冒险。
185,帕特来了,"Aug 26, 1994",Comedy,,"$60,822","$125,666",主角帕特突然闯入他人的生活，引发文化碰撞与温暖幽默。
186,命运的转折,"Sep 2, 1994",Drama,PG-13,"$3,404,935","$7,035,189",人生关键时刻的选择，改写命运轨迹的励志剧情。
187,智力竞赛,"Sep 14, 1994",Drama,PG-13,"$24,787,282","$50,840,394",高中或大学学生参加辩论、竞赛等激烈头脑风暴的校园励志片。
188,极限速降,"Sep 23, 1994",Action,PG-13,"$16,478,900","$34,048,315",滑雪或赛车题材，速度与惊险交织，主人公突破极限。
189,艾德·伍德,"Sep 30, 1994",Comedy,R,"$5,828,466","$12,042,634",传记式电影，讲述 50 年代导演艾德·伍德的艰辛创作与梦想追求。
190,木偶大师,"Oct 21, 1994",Horror,R,"$8,579,626","$17,727,017",工艺与魔法交织，木偶师与其作品间产生奇妙互动的奇幻故事。
191,斯夸托：战士的传说,"Oct 28, 1994",Drama,PG,"$3,319,344","$6,858,345",战士的传说：印第安部落英雄史诗片，重塑原住民文化中的勇者形象。
192,圣诞老人条款,"Nov 11, 1994",Comedy,PG,"$144,833,357","$298,369,717",喜剧圣诞片，主角为救圣诞节而执行一个奇怪条款任务。
193,丑陋耻辱,"Nov 23, 1994",Action,R,"$29,317,886","$60,321,919",反转童话风格，一位被视为“丑陋”的角色挑战偏见与自我认同。
194,森林王子,"Dec 25, 1994",Adventure,PG,"$44,342,956","$88,930,321",再版或改编版，重新演绎毛克利在丛林中的成长与冒险。
195,房客,"Jan 6, 1995",Comedy,PG,"$26,325,256","$51,016,522",心理惊悚片，租客与房东之间的紧张关系逐渐升级为危机。
196,烂公司,"Jan 20, 1995",Thriller/Suspense,R,"$3,523,909","$6,829,092",职场喜剧，主角被派往表现不佳的公司重组并挽救业务。
197,迈阿密狂想曲,"Jan 27, 1995",Romantic Comedy,PG-13,"$5,086,578","$9,857,435",动作喜剧，主角在迈阿密执行任务，融合音乐与犯罪元素。
198,杰基小子,"Feb 3, 1995",Comedy,R,"$7,555,256","$14,641,561",自传式运动题材，讲述女孩或少年在拳击或其他运动中打破性别偏见。
199,重量级拳王,"Feb 17, 1995",Comedy,PG,"$17,671,310","$34,245,779",讲述拳击手从草根到拳王的奋斗历程，闪耀赛场与人生哲理。
200,家里的男人,"Mar 3, 1995",Comedy,PG,"$40,029,009","$77,573,459",一位事业成功的男人穿越到自己“没出国追梦”的人生，重新审视家庭与爱的重要性。
201,室友,"Mar 3, 1995",Comedy,PG,"$12,076,989","$23,404,369",一部惊悚片，讲述大学新生发现自己室友逐渐变得控制狂，最终酿成危险后果。
202,夸张故事,"Mar 24, 1995",Western,PG,"$8,247,627","$15,983,331",一系列荒诞但发人深省的短篇故事组成的黑色幽默合集。
203,纵火狂的爱情故事,"Mar 28, 1995",Romantic Comedy,PG,"$468,240","$907,414",讲述一个患有纵火癖的人在爱情中挣扎自控与救赎的故事。
204,巴黎的杰斐逊,"Mar 31, 1995",Drama,PG-13,"$2,461,628","$4,770,461",聚焦一位美国外交官在法国大革命前夕的生活与政治冲突。
205,笑骨,"Mar 31, 1995",Comedy,R,"$529,135","$1,025,425",一个滑稽但富哲理的医生，试图用幽默拯救患者，探讨人性与治疗的边界。
206,高飞历险记,"Apr 7, 1995",Comedy,G,"$35,336,439","$68,479,579",迪士尼角色“高飞”与儿子展开一场充满曲折的公路亲情冒险。
207,当你沉睡时,"Apr 21, 1995",Romantic Comedy,PG,"$81,057,016","$157,082,900",女主角假装未婚妻照顾昏迷男子，却爱上他弟弟的浪漫误会喜剧。
208,赤潮,"May 12, 1995",Action,R,"$91,387,195","$177,102,077",两位潜艇指挥官在核危机下意见对立，爆发激烈心理与权力博弈。
209,疯狂的爱,"May 26, 1995",Drama,PG-13,"$15,446,532","$29,934,306",描绘一段毁灭性又深刻的情感关系，探索爱与占有之间的界线。
210,风中奇缘,"Jun 10, 1995",Adventure,G,"$141,579,773","$274,370,957",印第安公主宝嘉康蒂与英国探险者的文化冲突与爱情故事，强调和平与环保。
211,审判官德雷德,"Jun 30, 1995",Action,R,"$34,687,912","$67,222,776",在未来警察即是法官的世界中，主角被陷害而寻求清白。
212,大象跳伞行动,"Jul 28, 1995",Adventure,PG,"$24,670,346","$47,809,421",根据真实事件改编，一群人类和动物在战争中合作完成危险任务。
213,危险心灵,"Aug 11, 1995",Drama,R,"$84,919,401","$164,552,293",一位老师与一群问题少年之间的信任建立与人生成长，强调教育的力量。
214,亚瑟王宫的男孩,"Aug 11, 1995",Adventure,PG,"$13,406,717","$25,981,285",现代男孩意外穿越到中世纪，成为亚瑟王的门徒，展开奇幻冒险。
215,羁绊,"Sep 8, 1995",Thriller/Suspense,R,"$5,762,795","$11,167,895",一个家庭在意外后逐渐修复关系，重新找回情感纽带的感人剧情片。
216,散弦英雄,"Sep 15, 1995",Drama,PG,"$7,929,000","$15,365,850",关于一位失败的音乐家如何重燃梦想，回归舞台的励志故事。
217,大绿队,"Sep 29, 1995",Comedy,PG,"$17,736,619","$34,372,339",一群不被看好的孩子组成的足球队，在顽强拼搏中实现蜕变。
218,死去的总统,"Oct 4, 1995",Drama,R,"$24,120,194","$46,741,467",围绕一起总统遇刺案展开的政治悬疑与调查。
219,红字,"Oct 13, 1995",Drama,R,"$10,359,006","$20,075,033",改编自纳撒尼尔·霍桑小说，描绘一名女子在清教社会中的道德冲突与挣扎。
220,七月盛宴,"Oct 13, 1995",Drama,R,"$293,274","$568,342",一场聚会揭示出复杂的人际关系与家庭秘密。
221,粉末,"Oct 27, 1995",Drama,PG-13,"$30,833,914","$59,727,216",一名拥有特殊能力但外貌异于常人的少年，在偏见中寻找归属与理解。
222,玩具总动员,"Nov 22, 1995",Adventure,G,"$191,796,233","$370,409,631",玩具们在没有主人时拥有独立生命，是迪士尼与皮克斯合作的动画经典。
223,新娘父亲2,"Dec 8, 1995",Comedy,PG,"$76,578,911","$147,658,438",延续前作，女儿怀孕、父亲成为爷爷，展开跨代亲情喜剧。
224,尼克松,"Dec 20, 1995",Drama,R,"$13,668,249","$26,302,005",历史传记片，展现美国总统尼克松的政治生涯与水门事件背后的心理剖析。
225,汤姆与哈克,"Dec 22, 1995",Adventure,PG,"$23,837,227","$45,911,517",改编自《汤姆·索亚历险记》，讲述两位男孩在密西西比河畔的探险经历。
226,霍兰德先生的乐章,"Dec 29, 1995",Drama,PG,"$82,582,604","$157,508,868",一位音乐老师用一生激励学生，退休时才意识到他真正的成就。
227,白色风暴,"Feb 2, 1996",Adventure,PG-13,"$10,229,300","$19,509,726",一场登山事故后的自责与责任，引发关于生命、选择与悔恨的反思。
228,布偶宝岛历险记,"Feb 16, 1996",Adventure,G,"$34,327,391","$65,470,567",布偶演员改编经典《金银岛》，充满幽默与冒险精神的家庭片。
229,错先生,"Feb 16, 1996",Romantic Comedy,PG-13,"$12,805,071","$24,422,334",一位老年人用回忆和幽默反击现代社会对老龄的偏见。
230,前与后,"Feb 23, 1996",Drama,PG-13,"$8,642,118","$16,482,589",家庭因一起谋杀案陷入危机，探讨真相、信任与社会偏见。
231,近距离接触,"Mar 1, 1996",Drama,PG-13,"$51,045,801","$97,356,578",记者追踪政治丑闻时陷入生命危险，揭示舆论与真相之间的博弈。
232,归途2：旧金山迷失记,"Mar 8, 1996",Adventure,G,"$32,709,423","$62,384,706",旧金山迷失记：延续《归途奇兵》，三只动物这次在城市中再度展开感人归家之旅。
233,太多,"Mar 15, 1996",Romantic Comedy,PG-13,"$1,078,555","$2,057,055",一段过度宠爱的生活如何影响孩子成长，展现家庭教育困境。
234,城市里的印第安人,"Mar 22, 1996",Comedy,PG,"$1,029,731","$1,963,937",一位原住民男孩到城市生活，引发文化冲突与自我认同的挑战。
235,詹姆斯与巨桃历险记,"Apr 12, 1996",Adventure,PG,"$28,921,264","$55,159,783",詹姆斯乘坐一颗巨型桃子展开梦幻旅程，迪士尼奇幻定格动画。
236,凯尔特骄傲,"Apr 19, 1996",Comedy,PG-13,"$9,240,378","$17,623,615",关于体育与文化身份的电影，讲述篮球明星与爱尔兰球迷的奇特友谊。
237,最后的舞步,"May 3, 1996",Drama,R,"$5,857,534","$11,171,714",热爱舞蹈的少年在家庭反对与梦想追逐之间艰难抉择。
238,男孩们,"May 10, 1996",Drama,PG-13,"$21,930,418","$41,826,566",描写一群少年在寄宿学校经历友情、叛逆与成长的青春故事。
239,硬汉间谍,"May 24, 1996",Comedy,PG-13,"$26,936,265","$51,373,912",一名平凡男子意外成为卧底间谍，被卷入国际阴谋之中。
240,艾迪,"May 31, 1996",Comedy,PG-13,"$31,369,401","$59,828,966",球迷艾迪成为职业篮球队教练，带领球队逆转命运，喜剧励志片。
241,勇闯夺命岛,"Jun 7, 1996",Action,R,"$134,069,511","$255,702,705",尼古拉斯·凯奇与肖恩·康纳利主演，FBI 与恐怖分子的硬核交战。
242,巴黎圣母院的钟楼怪人,"Jun 21, 1996",Adventure,G,"$100,138,851","$190,988,799",改编雨果小说，描绘钟楼怪人与吉普赛女郎的动人友情。
243,超凡现象,"Jul 5, 1996",Drama,PG,"$104,636,382","$199,559,799",一位平凡男子获得超自然能力，引发社会震动与心理挣扎。
244,魔童卡赞,"Jul 17, 1996",Comedy,PG,"$18,880,508","$36,009,655",神秘小男孩拥有改变现实的能力，引发一连串荒诞事件。
245,杰克,"Aug 9, 1996",Drama,PG-13,"$58,617,334","$111,792,852",罗宾·威廉姆斯饰演“加速成长”男孩，在童年与成年之间挣扎。
246,第一小子,"Aug 30, 1996",Comedy,PG,"$26,465,920","$50,465,108",美国总统的儿子在成长过程中体验责任与友情。
247,富翁的妻子,"Sep 13, 1996",Thriller/Suspense,R,"$8,538,318","$16,284,619",一位富商之妻在经历婚姻危机中寻找独立与自我。
248,D3：神奇鸭队,"Oct 4, 1996",Comedy,PG,"$22,936,273","$43,713,554",神奇鸭队：《神奇鸭队》系列第三部，讲述球队成员成长与比赛压力下的挑战。
249,合伙人,"Oct 25, 1996",Comedy,PG-13,"$12,772,657","$24,333,094",两位性格迥异的人共同开店，经历合作中的信任、冲突与成长。
250,赎金风云,"Nov 8, 1996",Action,R,"$136,492,681","$259,807,820",汤姆·汉克斯饰演富商儿子被绑架后，逆转局势用赏金反击绑匪的惊悚剧情片。
251,家中的战争,"Nov 20, 1996",,R,"$34,368","$65,543",家庭成员间激烈冲突与感情修复，描绘现实家庭的矛盾与温情。
252,101斑点狗,"Nov 27, 1996",Comedy,G,"$136,189,294","$258,728,898",真人版翻拍，狗爸狗妈合力救出被“库伊拉”绑架的 99 只可爱斑点狗。
253,传道人的妻子,"Dec 13, 1996",Drama,PG,"$48,102,795","$91,076,877",一位天使帮助陷入婚姻危机的牧师夫妇，带来奇迹与爱的启发。
254,艾薇塔,"Dec 25, 1996",Musical,PG,"$50,047,179","$92,077,628",麦当娜主演音乐传记片，讲述阿根廷第一夫人伊娃·裴隆传奇一生。
255,地铁,"Jan 17, 1997",Action,R,"$32,017,895","$58,804,106",动作片，聚焦地铁系统内发生的犯罪事件与正义抗争。
256,普雷方丹,"Jan 24, 1997",Drama,PG-13,"$590,817","$1,085,093",跑步运动员史蒂夫·普雷方丹的真实故事，讲述其挑战极限与信念。
257,暗影阴谋,"Jan 31, 1997",Thriller/Suspense,R,"$2,154,540","$3,957,025",政治惊悚片，白宫内部丑闻引发的追杀与揭露。
258,该死的猫,"Feb 14, 1997",Comedy,PG,"$18,301,828","$33,613,158",家庭喜剧，一只性格独特的猫咪在新家中掀起风波。
259,丛林2丛林,"Mar 7, 1997",Comedy,PG,"$59,925,026","$110,058,379",乔治返回城市适应生活，却因故再次踏上爆笑丛林旅程。
260,第六人,"Mar 28, 1997",Comedy,PG-13,"$14,765,099","$27,117,599",篮球运动员去世后变成幽灵帮助弟弟赢球的超自然体育喜剧。
261,格罗斯蓬特暗杀令,"Apr 11, 1997",Black Comedy,R,"$28,084,357","$51,579,764",职业杀手回母校参加同学会，卷入旧爱与旧账的黑色幽默片。
262,罗米与米歇尔的高中同学会,"Apr 25, 1997",Comedy,R,"$29,235,353","$53,693,680",两位好友为掩盖失败生活编造人生谎言，最后学会接受自我。
263,去钓鱼,"May 30, 1997",Comedy,PG,"$19,745,922","$36,265,379",两个倒霉蛋误卷入贩毒案，只想安静钓鱼却闹出一堆笑话。
264,空中监狱,"Jun 6, 1997",Action,R,"$101,117,573","$185,712,664",尼古拉斯·凯奇主演，改造犯人机遭劫持，展开高空激战营救行动。
265,大力士,"Jun 13, 1997",Adventure,G,"$99,112,101","$182,029,412",希腊神话改编动画，赫拉克勒斯成长为英雄，打败冥王哈迪斯。
266,丛林大帝乔治,"Jul 16, 1997",Comedy,PG,"$105,263,257","$193,326,632",迪士尼版“人猿泰山”，讲述乔治在丛林与现代世界之间的趣味冒险。
267,无所畏惧,"Jul 18, 1997",Comedy,R,"$44,480,039","$81,692,095",主角亲历灾难事件，开始反思人生与人际关系的转变剧情片。
268,空中巴德,"Aug 1, 1997",Comedy,PG,"$24,646,936","$45,266,588",小狗展现惊人篮球天赋，帮助小主人重拾信心，展开奇迹比赛。
269,G.I.珍,"Aug 22, 1997",Drama,R,"$48,169,156","$88,467,531",黛米·摩尔挑战美军特种部队训练制度，是一部关于性别平权的动作励志片。
270,千亩,"Sep 19, 1997",Drama,R,"$7,928,412","$14,561,324",根据简·奥斯汀《李尔王》改编，父女关系与权力斗争交织的家庭悲剧。
271,华盛顿广场,"Oct 5, 1997",Drama,PG,"$1,775,644","$3,257,546",一位富家女因爱上穷画家而与父亲对抗，展现女性独立意识的古装爱情片。
272,火箭人,"Oct 10, 1997",Comedy,PG,"$15,448,043","$28,371,890",喜剧版宇航题材，主人公阴差阳错成宇航员，上演爆笑太空之旅。
273,扮演上帝,"Oct 17, 1997",Thriller/Suspense,R,"$4,166,918","$7,652,965",一位医生堕落为地下黑市医疗帮手，陷入道德困境与犯罪漩涡。
274,魔法弹,"Nov 26, 1997",Comedy,PG,"$92,993,801","$170,406,423",家庭奇幻片，主角通过神奇弹珠体验魔法、成长与冒险。
275,美国狼人在巴黎,"Dec 25, 1997",Horror,R,"$26,570,463","$48,546,161",喜剧与恐怖融合的狼人电影，描述恋爱、变身与城市猎奇冒险。
276,麦谷先生,"Dec 25, 1997",Comedy,PG,"$21,437,192","$39,145,784",幽默反转喜剧，主角在荒唐现实中用智慧应对生活困境。
277,昆敦,"Dec 25, 1997",Drama,PG-13,"$5,686,694","$10,236,836",达赖喇嘛传记片，描述其童年、流亡及藏传佛教影响力。
278,深海求生,"Jan 30, 1998",Action,R,"$11,203,026","$20,136,775",一组深海潜水员因事故被困海底，展开惊心动魄的求生。
279,克里彭道夫的部落,"Feb 27, 1998",Comedy,PG-13,"$7,571,115","$13,608,633",大学教授伪造研究成果，意外成时尚界红人，引发讽刺与喜剧。
280,艾伦·史密斯之作：燃烧好莱坞,"Feb 27, 1998",Comedy,R,"$45,779","$82,277",燃烧好莱坞：讽刺电影工业虚伪与商业化的荒诞作品。
281,遇见迪德尔斯,"Mar 27, 1998",Comedy,PG,"$4,356,126","$7,829,877",青春校园喜剧，两个学生搞笑报复敌人，反被卷入混乱。
282,他来打球,"May 1, 1998",Drama,R,"$21,567,853","$38,766,948",天使化身篮球员降临球队，带来胜利与信念的家庭温情故事。
283,马语者,"May 15, 1998",Drama,PG-13,"$75,383,563","$135,497,531",少女与受伤马匹互相疗愈，在自然中找回自我，探讨人与动物的关系。
284,六天七夜,"Jun 12, 1998",Romantic Comedy,PG-13,"$74,339,294","$133,620,516",一对性格迥异男女坠机荒岛，共度六天七夜，展开浪漫与求生之旅。
285,花木兰,"Jun 19, 1998",Adventure,G,"$120,620,254","$216,807,832",中国古代女英雄替父从军，展现勇气与自我价值，是迪士尼重要代表作。
286,世界末日,"Jul 1, 1998",Adventure,PG-13,"$201,578,182","$362,324,957",布鲁斯·威利斯率领钻井队前往太空阻止陨石撞地球，英雄主义灾难大片。
287,简·奥斯汀的黑帮,"Jul 24, 1998",Comedy,PG-13,"$19,843,795","$35,668,055",古典爱情与现代黑帮剧情的融合，戏谑传统女性角色形象。
288,天生一对,"Jul 29, 1998",Comedy,PG,"$66,308,518","$119,185,667",一对双胞胎在夏令营重聚，为撮合离异父母上演“换位计划”。
289,火光,"Sep 4, 1998",Drama,R,"$784,419","$1,409,943",消防员家族在火场英勇奋战的故事，展现牺牲与职业荣光。
290,西蒙·伯奇,"Sep 11, 1998",Drama,PG,"$18,253,415","$32,809,442",身材矮小却信念坚定的小男孩，改变他人命运的温情成长片。
291,圣人,"Oct 9, 1998",Comedy,PG,"$12,069,719","$21,694,605",间谍擅长易容盗取能源科技，意外卷入爱情与良心抉择。
292,至爱,"Oct 16, 1998",Drama,R,"$22,852,487","$41,062,682",讲述患有残疾的情侣彼此依靠、共同成长的感人爱情故事。
293,水男孩,"Nov 6, 1998",Comedy,PG-13,"$161,491,646","$288,691,833",一位胆小男孩凭借惊人速度进入橄榄球队，爆笑成长喜剧。
294,圣诞我在家,"Nov 13, 1998",Comedy,PG,"$12,214,338","$21,941,840",家族圣诞节温馨喜剧，展现亲情、和解与传统的重要性。
295,虫虫特工队,"Nov 20, 1998",Adventure,G,"$162,798,565","$288,981,698",昆虫世界的“七侠五义”大战蚂蚁暴君，是皮克斯又一力作。
296,国家公敌,"Nov 20, 1998",Action,R,"$111,549,836","$198,472,008",主角被无辜卷入国家监控阴谋，逃亡中揭开政府黑幕。
297,拉什莫尔,"Dec 11, 1998",Black Comedy,R,"$17,105,219","$28,392,518",讲述中学生与老师竞争女教师爱情的另类青春片，导演韦斯·安德森风格代表。
298,诉讼风云,"Dec 25, 1998",Drama,PG-13,"$56,709,981","$94,139,530",由真实案件改编，揭示制药公司欺诈与普通人为正义而战的法庭对抗剧。
299,强壮的乔·杨,"Dec 25, 1998",Adventure,PG,"$50,632,037","$87,906,042",一只巨大但温顺的大猩猩被人类利用与保护之间拉扯的感人故事。
300,我最喜爱的火星人,"Feb 12, 1999",Comedy,PG,"$36,850,101","$61,150,849",改编自60年代美剧，一位电视记者发现自己室友竟是来自火星的外星人，展开爆笑生活。
301,另一个姐妹,"Feb 26, 1999",Romantic Comedy,PG-13,"$27,807,627","$46,145,331",两位性格迥异的黑人姐妹在家庭背景下探讨身份认同与成长。
302,道格的首部电影,"Mar 26, 1999",Adventure,G,"$19,421,271","$32,228,598",以动画剧集《道格》为基础，道格为赢得女神芳心踏上冒险之旅。
303,我讨厌你的十件事,"Mar 31, 1999",Romantic Comedy,PG-13,"$38,177,966","$63,354,375",现代校园改编自莎士比亚《驯悍记》的青春爱情喜剧。
304,耐力,"May 14, 1999",,PG,"$229,128","$380,218",讲述埃塞俄比亚马拉松冠军海尔·格布雷塞拉西的励志传记片。
305,本能,"Jun 4, 1999",Drama,R,"$34,105,207","$56,595,842",一名人类学家在非洲失踪多年后归来，行为宛如野兽，引发人性与文明讨论。
306,泰山,"Jun 16, 1999",Adventure,G,"$171,091,819","$283,900,254",迪士尼动画改编经典小说，孤儿泰山被猩猩抚养，在人类与动物之间寻找自我。
307,山姆的夏日,"Jul 2, 1999",Drama,R,"$19,288,130","$32,007,656",讲述一位男孩在暑假中找寻自由与自我成长的青春故事。
308,神探加杰特,"Jul 23, 1999",Comedy,PG,"$97,387,965","$161,610,341",真人加特动画改编，蠢萌警探装备先进工具打击犯罪。
309,第六感,"Aug 6, 1999",Thriller/Suspense,PG-13,"$293,506,292","$485,424,724",小男孩能看见鬼魂，与心理医生一同揭开灵异背后的真相。
310,第十三勇士,"Aug 27, 1999",Action,R,"$32,698,899","$54,262,148",维京史诗动作片，一名阿拉伯使者被迫加入北欧部落共同抗敌。
311,冠军的早餐,"Sep 17, 1999",Comedy,R,"$178,287","$295,851",围绕一位滑稽小说家的生活崩坏展开的黑色喜剧。
312,曼福德,"Sep 24, 1999",Comedy,R,"$4,559,569","$7,566,363",小镇心理医生解决居民问题，背后却隐藏秘密身份。
313,阿拉斯加之谜,"Oct 1, 1999",Comedy,R,"$8,891,623","$14,755,189",一部探险剧情片，主角深入阿拉斯加荒野寻找失踪父亲。
314,直线故事,"Oct 15, 1999",Drama,G,"$6,197,866","$10,111,144",老农骑割草机跨州看望病重兄弟的真实感人旅程。
315,内幕,"Nov 5, 1999",Drama,R,"$28,965,197","$47,794,214",描绘烟草业内幕与媒体曝光之间的冲突，是政治惊悚与伦理抉择之作。
316,玩具总动员2,"Nov 19, 1999",Adventure,G,"$245,852,179","$404,450,426",胡迪被收藏家劫持，巴斯光年和朋友们踏上救援之旅。
317,摇篮将摇响,"Dec 8, 1999",Drama,R,"$2,899,970","$4,609,153",根据真实事件，讲述剧作家坚持信念制作音乐剧对抗压制。
318,男妓大管家,"Dec 10, 1999",Comedy,R,"$65,535,067","$106,921,374",一名被甩的泳池清洁工误入“男妓”行列，引发连环误会喜剧。
319,两百年人,"Dec 17, 1999",Drama,PG,"$58,220,776","$94,838,225",机器人逐渐拥有情感与人类身份，跨越两个世纪的感人科幻故事。
320,玩命到底,"Dec 24, 1999",Comedy,R,"$8,427,204","$13,180,524",喜剧片，一群人竞赛寻找埋藏的巨额财富，荒唐爆笑连连。
321,幻想曲2000（IMAX）,"Jan 1, 2000",Musical,G,"$60,507,228","$94,852,354",更新版《幻想曲》，结合新动画与古典乐章，首度在IMAX上映。
322,枪胆风暴,"Feb 4, 2000",Comedy,R,"$1,638,202","$2,562,155",动作片，主角卷入地下犯罪与警匪对抗，挑战极限生死边缘。
323,小虎历险记,"Feb 11, 2000",Adventure,G,"$45,542,421","$71,228,678",一只小老虎被困城市，几个小朋友联手将其送回自然。
324,火星任务,"Mar 10, 2000",Adventure,PG,"$60,874,615","$95,208,344",NASA宇航员前往火星营救被困队员，探索生命起源的科幻冒险。
325,高保真,"Mar 31, 2000",Comedy,R,"$27,277,055","$42,661,516",唱片店老板通过回顾五段失败恋情反思爱情，穿插音乐与人生哲学。
326,坚守信念,"Apr 14, 2000",Romantic Comedy,PG-13,"$37,036,404","$57,925,202",聚焦军人家庭牺牲与信念，是一部关于责任与荣誉的感人影片。
327,恐龙,"May 19, 2000",Adventure,PG,"$137,748,063","$215,438,985",首部结合CG与实景的迪士尼动画，一只慈悲雷龙引导族群寻找新家园。
328,上海正午,"May 26, 2000",Western,PG-13,"$56,932,305","$89,042,541",成龙与欧文·威尔逊饰演中美搭档，解救公主的动作喜剧西部片。
329,60秒极速杀机,"Jun 9, 2000",Action,PG-13,"$101,643,008","$158,970,411",尼古拉斯·凯奇饰演退役偷车贼，为救弟弟在一晚偷走50辆车。
330,幻想曲2000（院线版）,"Jun 16, 2000",Musical,G,"$9,103,630","$14,238,144",在影院发行的非IMAX版本，延续迪士尼音乐与动画融合的传统。
331,孩子,"Jul 7, 2000",Comedy,PG,"$69,688,384","$108,993,148",布鲁斯·威利斯饰演冷漠事业男，遇到小时候的自己，重新找回童真与温情。
332,丑陋的土狼,"Aug 4, 2000",Drama,PG-13,"$60,786,269","$95,070,168",一只被忽视的小土狼为赢得尊重而踏上成长之路。
333,船员,"Aug 25, 2000",Comedy,PG-13,"$13,019,253","$20,362,201",一群落魄囚犯被迫协助FBI对抗毒枭，演绎幽默与动作结合的黑帮喜剧。
334,二重奏,"Sep 15, 2000",Drama,R,"$4,734,235","$7,404,372",音乐人与教师因意外结识，合奏出一段疗愈与浪漫的旅程。
335,记住泰坦,"Sep 29, 2000",Drama,PG,"$115,654,751","$180,742,479",种族融合背景下的橄榄球队，展现团结、尊重与胜利的感人真实故事。
336,坚不可摧,"Nov 22, 2000",Thriller/Suspense,PG-13,"$94,999,143","$148,208,901",一名士兵在战场上展现惊人意志力，是军旅题材中的励志代表作。
337,102斑点狗,"Nov 22, 2000",Comedy,G,"$66,941,559","$104,055,039",续集动画真人结合电影，狗狗们再次与邪恶库伊拉斗智斗勇。
338,皇帝的新旋律,"Dec 15, 2000",Adventure,G,"$89,296,573","$136,789,252",傲慢皇帝被变成羊驼，在旅行中与农夫重拾谦卑与友情的喜剧动画。
339,哥们，你在哪里？,"Dec 22, 2000",Comedy,PG-13,"$45,506,619","$67,922,002",现代版荷马史诗，三名囚犯逃狱途中发生一系列奇遇。
340,倍增惊魂,"Jan 12, 2001",Action,PG-13,"$29,823,162","$44,418,589",一位普通上班族发现复制自己引发身份错乱与生活混乱。
341,课间休息：放学了,"Feb 16, 2001",Comedy,G,"$36,696,761","$54,656,124",放学了：校园动画片，一群孩子在暑假捍卫学校不被拆除的正义斗争。
342,逗留一下,"Apr 6, 2001",Comedy,PG-13,"$4,777,007","$7,114,869",丧亲女孩与陌生男子意外相遇，在短暂停留中重拾希望。
343,珍珠港,"May 25, 2001",Action,PG-13,"$198,539,855","$295,705,112",二战题材史诗巨制，围绕三角恋与珍珠港事件展开的浪漫与战争故事。
344,亚特兰蒂斯：失落帝国,"Jun 8, 2001",Adventure,PG,"$84,052,762","$125,188,122",失落帝国：青年学者加入探险队深入地心寻找失落古文明的科幻动画。
345,疯狂／美丽,"Jun 29, 2001",Drama,PG-13,"$16,929,123","$25,214,223",一段跨越阶层的青春恋情，在冲突中共同成长。
346,公主日记,"Aug 3, 2001",Comedy,G,"$108,244,774","$161,218,928",平凡女孩突然发现自己是王国继承人，开始接受皇室礼仪培训。
347,泡泡男孩,"Aug 24, 2001",Comedy,PG-13,"$5,002,310","$7,450,434",从小被保护在“泡泡”中生活的男孩，勇敢踏上寻找初恋的公路喜剧。
348,麦克斯·基布尔的大冒险,"Oct 5, 2001",Comedy,PG,"$17,292,381","$25,749,730",一个被欺负的男孩得知要转学后勇敢反击校园恶霸。
349,科基·罗曼诺,"Oct 12, 2001",Comedy,PG-13,"$23,978,402","$35,705,805",滑稽搞笑片，一位宠物美容师误入黑帮世界的身份混乱闹剧。
350,高跟与低跟,"Oct 26, 2001",,R,"$226,792","$337,782",一部关于两位女性因身份错位而展开喜剧误会与自我认同的轻松影片。
351,怪兽公司,"Nov 2, 2001",Adventure,G,"$289,423,425","$416,073,179",皮克斯动画，怪兽靠吓小孩发电却意外与人类小女孩建立感情，充满幽默与温情。
352,冷酷无情,"Nov 21, 2001",Comedy,PG-13,"$13,906,394","$20,700,691",一名卧底特工在执行任务时陷入爱与忠诚的抉择，是冷战背景下的悬疑片。
353,天才一家,"Dec 14, 2001",Black Comedy,R,"$52,353,636","$76,758,193",一家人全是科学怪才，却面临日常生活的鸡飞狗跳，融合家庭与奇幻。
354,美女与野兽（IMAX）,"Jan 1, 2002",Musical,G,"$25,487,028","$36,980,311",经典动画《美女与野兽》的 IMAX 数字重制版，画质与音效全面升级。
355,弗兰克·麦克克卢斯基刑警,"Jan 1, 2002",,,$0,$0,喜剧探员处理案件笨手笨脚，充满恶搞元素。
356,雪地猎犬,"Jan 18, 2002",Comedy,PG,"$81,150,692","$117,745,317",牙买加人训练狗拉雪橇参赛的喜剧励志片，强调团队精神与坚持。
357,基督山伯爵,"Jan 25, 2002",Drama,PG-13,"$54,228,104","$78,682,079",改编自大仲马小说，讲述主人公被冤入狱后复仇的经典剧情片。
358,小飞侠：再回梦幻岛,"Feb 15, 2002",Adventure,G,"$48,430,258","$70,269,715",再回梦幻岛：温蒂的女儿重返梦幻岛，与彼得潘再度对抗虎克船长的冒险动画。
359,火海危机,"Feb 19, 2002",Action,PG-13,"$43,061,982","$62,480,631",灾难片，一场炼油厂大火中，消防员必须营救被困者与战胜内心恐惧。
360,女团小子,"Mar 22, 2002",Comedy,R,"$10,198,766","$14,797,862",一位男孩假扮成女孩加入女子乐队，引发一连串尴尬又有趣的事件。
361,菜鸟新兵,"Mar 29, 2002",Drama,G,"$75,600,072","$109,691,666",年长男子误入海军新兵训练营，经历一系列爆笑新兵体验。
362,大麻烦,"Apr 5, 2002",Comedy,PG-13,"$7,262,288","$10,537,188",一个炸弹行李让多个陌生人命运交织，节奏快节奏的城市喜剧。
363,终极X大电影,"May 10, 2002",Documentary,PG,"$4,197,175","$6,089,874",极限运动纪录片，展现冲浪、滑板、滑雪等极限项目的视觉盛宴。
364,坏公司,"Jun 7, 2002",Action,PG-13,"$30,157,016","$43,756,218",天真小职员被卷入间谍交易，展开猫鼠游戏的惊悚动作片。
365,丽娅与史迪奇,"Jun 21, 2002",Adventure,PG,"$145,771,527","$211,506,702",史迪奇调皮捣蛋，丽娅用友情与包容让他学会爱与归属感的续集动画。
366,国家熊,"Jul 26, 2002",Adventure,G,"$16,988,996","$24,650,121",动物权利题材，描述被驯养熊逃离后在荒野中的适应与冲突。
367,预兆,"Aug 2, 2002",Thriller/Suspense,PG-13,"$227,965,690","$330,754,439",悬疑惊悚片，一系列诡异事件让女主开始怀疑命运与超自然力量的存在。
368,千与千寻,"Sep 20, 2002",Adventure,PG,"$10,049,886","$14,338,992",宫崎骏动画，少女千寻闯入神灵世界，经历成长与自我寻找的奇幻旅程。
369,家有阿拉巴马,"Sep 27, 2002",Comedy,PG-13,"$127,214,072","$184,521,151",女主角在纽约即将结婚，却被迫返回南方老家面对过去与旧爱。
370,月光大道,"Sep 27, 2002",Drama,PG-13,"$6,830,957","$9,909,094",探讨爱与性别认同的情感片，展现青春中的挣扎与自由追寻。
371,永恒的塔克,"Oct 11, 2002",Drama,PG,"$19,161,999","$27,789,959",讲述拥有不死能力的一家人如何面对时间与命运的温情故事。
372,圣诞老人条款2,"Nov 1, 2002",Comedy,G,"$139,225,854","$201,959,095",圣诞老人必须结婚才能保住职位，展开浪漫又搞笑的节日喜剧。
373,寻宝星球,"Nov 27, 2002",Adventure,PG,"$38,120,554","$55,189,145",太空版《金银岛》，少年吉姆踏上星际寻宝之旅，科技与成长并行的动画片。
374,火辣女郎,"Dec 13, 2002",Comedy,PG-13,"$35,081,550","$50,624,654",青春校园喜剧，讲述女主角用智慧与热情改变学校风气。
375,第二十五小时,"Dec 19, 2002",Drama,R,"$13,084,595","$18,325,463",纽约男子在服刑前的最后一天反思人生、友谊与选择。
376,招募,"Jan 31, 2003",Thriller/Suspense,PG-13,"$52,784,696","$73,793,522",CIA新兵训练营里，菜鸟特工发现导师与组织背后的秘密。
377,上海骑士,"Feb 7, 2003",Adventure,PG-13,"$60,470,220","$84,537,962",成龙与欧文·威尔逊续作，东方功夫闯荡伦敦的爆笑冒险。
378,森林王子2,"Feb 14, 2003",Adventure,G,"$47,901,582","$66,966,883",毛克利面临人类与动物世界间的抉择，延续经典丛林冒险。
379,搞定大富翁,"Mar 7, 2003",Comedy,PG-13,"$132,675,402","$185,481,530",调皮少年为报复继父，用聪明才智巧妙整蛊的家庭喜剧。
380,小猪历险记,"Mar 21, 2003",Comedy,G,"$23,103,423","$32,298,812",《小熊维尼》系列角色小猪为朋友勇敢踏上冒险之旅的温馨动画。
381,深渊幽灵,"Apr 11, 2003",Documentary,G,"$17,093,668","$23,803,108",纪录片，詹姆斯·卡梅隆深入铁达尼克残骸探索历史与深海奥秘。
382,地穴,"Apr 18, 2003",Drama,PG,"$67,383,924","$94,203,395",一群少年被罚劳动挖洞，却发现隐藏在沙漠之下的秘密与阴谋。
383,丽兹的电影,"May 2, 2003",Comedy,PG,"$42,734,455","$59,743,191",青少年偶像丽兹到意大利演出，不小心卷入明星冒险替身事件。
384,海底总动员,"May 30, 2003",Adventure,G,"$380,529,370","$518,148,559",小丑鱼爸爸穿越大洋寻找走失儿子尼莫，是皮克斯感人冒险动画经典。
385,加勒比海盗：黑珍珠号的诅咒,"Jul 9, 2003",Adventure,PG-13,"$305,411,224","$426,967,926",黑珍珠号的诅咒：杰克·斯派洛初登场，盗宝、诅咒与幽默并存的海盗传奇。
386,疯狂星期五,"Aug 6, 2003",Comedy,PG,"$110,222,438","$154,090,360",母女互换身体后体验彼此生活，在误解中建立理解与亲情的喜剧片。
387,开放的牧场,"Aug 15, 2003",Western,R,"$58,331,254","$81,547,672",三头奶牛集结荒野英雄，捍卫牧场家园的西部动画喜剧。
388,冷溪庄园,"Sep 19, 2003",Thriller/Suspense,R,"$21,384,035","$29,895,090",心理惊悚片，夫妇搬入神秘老屋后被往昔秘密所困扰。
389,在托斯卡纳的阳光下,"Sep 26, 2003",Comedy,PG-13,"$43,601,508","$60,944,053",离婚作家购入意大利老屋，在重建过程中找回生活热情。
390,维罗妮卡·盖瑞,"Oct 17, 2003",Drama,R,"$1,569,918","$2,194,759",朱莉安·摩尔饰演记者揭露化学污染真相，社会正义题材剧情片。
391,熊的兄弟情,"Oct 24, 2003",Adventure,G,"$85,336,277","$119,218,333",少年被神灵变成熊，在旅途中学会宽恕与爱，感人动画。
392,鬼屋,"Nov 26, 2003",Comedy,PG,"$75,817,994","$105,775,678",父亲带家人看房误入闹鬼庄园，展开爆笑又惊悚的幽灵冒险。
393,日历女孩,"Dec 19, 2003",Comedy,PG-13,"$31,011,616","$42,379,650",三个老年女性为实现愿望拍裸体月历，讲述友情、自由与年龄无关。
394,年轻的黑骏马,"Dec 25, 2003",Adventure,G,"$6,751,389","$9,254,344",马儿与少年在自然中冒险，描绘人马间深厚情感。
395,教师的宠物,"Jan 16, 2004",Comedy,PG,"$6,491,969","$8,812,764",狗变成人类闯入老师生活，引发家庭、学校的混乱与成长故事。
396,奇迹,"Feb 6, 2004",Drama,PG,"$64,378,093","$87,392,478",根据真实事件，美国冰球队击败苏联传奇胜利，激励民族的体育电影。
397,青春告白,"Feb 20, 2004",Comedy,PG,"$29,331,068","$39,816,568",少女记录自己平凡生活的日记，讲述青春期的尴尬与甜蜜。
398,希达尔戈,"Mar 5, 2004",Western,PG-13,"$67,286,731","$91,340,921",骑士与马匹参加穿越沙漠的超长赛程，展现毅力与文化交融。
399,女杀手,"Mar 26, 2004",Comedy,R,"$39,692,139","$53,881,593",一位貌美刺客在执行任务与人性挣扎中寻求救赎的惊悚动作片。
400,牧场之家好作伴,"Apr 2, 2004",Comedy,PG,"$50,026,353","$67,910,166",三位性格各异的奶牛合力拯救农场，是一部西部风格的动画喜剧。
401,阿拉莫,"Apr 9, 2004",Western,PG-13,"$22,406,362","$30,416,359",历史战争片，重现德克萨斯独立战争中的阿拉莫之战，展现牺牲与民族精神。
402,海伦成长记,"May 28, 2004",Comedy,PG-13,"$37,485,528","$50,886,144",改编自海伦·凯勒的真实故事，描绘她克服障碍、学会沟通的感人旅程。
403,80天环游地球,"Jun 16, 2004",Adventure,PG,"$24,004,159","$32,585,356",成龙与史蒂夫·库根主演，展开环球冒险，融合动作与喜剧。
404,美国心灵,"Jul 2, 2004",Documentary,Not Rated,"$314,000","$426,246",记录美国精神文化与家庭关系的纪录片，探索社会变迁与价值认同。
405,亚瑟王,"Jul 7, 2004",Adventure,PG-13,"$51,877,963","$70,423,706",史诗动作片，重新诠释亚瑟王与圆桌骑士的传奇故事。
406,寂静村庄,"Jul 30, 2004",Thriller/Suspense,PG-13,"$114,197,520","$155,021,748",惊悚片，一对夫妇在偏远小镇遭遇神秘力量的控制，展开逃亡。
407,公主日记2：皇室订婚,"Aug 11, 2004",Romantic Comedy,G,"$95,149,435","$129,164,207",皇室订婚：米娅公主要结婚才能继承王位，面对爱情与责任的选择。
408,3000先生,"Sep 17, 2004",Comedy,PG-13,"$21,800,302","$29,593,641",浪漫喜剧，讲述一位普通男人与富家女之间的身份互换与爱情故事。
409,最后一击,"Sep 24, 2004",Comedy,R,"$463,730","$629,502",体育题材电影，聚焦一位老将的最后一场篮球赛与人生反思。
410,49号消防梯,"Oct 1, 2004",Action,PG-13,"$74,541,707","$101,161,045",灾难片，描绘消防员在火灾中的英勇救援与生死考验。
411,超人总动员,"Nov 5, 2004",Adventure,PG,"$261,441,092","$354,488,708",一家超能力家庭隐居多年后重出江湖对抗邪恶势力，皮克斯经典动画。
412,国家宝藏,"Nov 19, 2004",Adventure,PG,"$173,005,002","$234,069,353",尼古拉斯·凯奇饰寻宝猎人，解密美国独立宣言中的隐藏密码，展开国宝探险。
413,史蒂夫·齐佐的水上生活,"Dec 10, 2004",Comedy,R,"$24,006,726","$32,198,655",一位海洋探险家寻找杀死搭档的鲨鱼，融合荒诞与哲学。
414,深海异形,"Jan 28, 2005",Documentary,G,"$8,968,684","$11,740,942",科学家在海底研究站发现外星生物，陷入生存危机的科幻惊悚片。
415,小熊维尼的赫夫隆普大冒险,"Feb 11, 2005",Adventure,G,"$18,098,433","$23,801,835",维尼与朋友展开寻找“赫夫隆普”小怪兽的友谊之旅。
416,奶爸保镖,"Mar 4, 2005",Comedy,PG,"$113,006,880","$148,619,029",硬汉警察成为保姆，照顾重要证人女儿的家庭动作喜剧。
417,冰上公主,"Mar 18, 2005",Comedy,G,"$24,381,334","$32,064,685",天赋少女从物理学学霸变身花样滑冰选手，关于梦想与自我突破的青春片。
418,真爱如此相似,"Apr 22, 2005",Comedy,PG-13,"$21,835,784","$28,716,947",改编自尼古拉斯·斯帕克斯小说，两段爱情故事交错描绘命运与选择。
419,银河系漫游指南,"Apr 29, 2005",Comedy,PG,"$51,019,112","$67,096,891",科幻喜剧，一位地球人被带入宇宙后经历荒诞冒险的哲学之旅。
420,哈尔的移动城堡,"Jun 10, 2005",Adventure,PG,"$4,710,455","$6,194,870",宫崎骏经典动画，少女苏菲与魔法师哈尔一起抵抗战争与命运魔咒。
421,小甲虫：极速狂飙,"Jun 22, 2005",Comedy,G,"$66,010,682","$86,812,798",极速狂飙：一只拥有意识的赛车“赫比”重返赛道，帮助女主实现冠军梦想。
422,黑暗之水,"Jul 8, 2005",Thriller/Suspense,PG-13,"$25,473,093","$33,500,491",单亲妈妈搬入旧楼后遭遇神秘漏水，揭开恐怖真相的心理惊悚片。
423,天降英雄,"Jul 29, 2005",Adventure,PG,"$63,939,454","$84,088,854",超级英雄之子进入英雄学校，逐渐证明自己的实力，融合青春与奇幻。
424,勇敢的小鸽子,"Aug 19, 2005",Adventure,G,"$19,478,106","$25,616,292",以鸽子为主角的二战动画，讲述信鸽传递情报的英勇故事。
425,失踪航班,"Sep 23, 2005",Thriller/Suspense,PG-13,"$89,706,988","$117,960,425",飞机失踪引发国际悬案，调查员揭示航空系统背后的隐秘危机。
426,史上最伟大的比赛,"Sep 30, 2005",Drama,PG,"$15,331,289","$20,162,672",改编自高尔夫历史上的传奇赛事，关于信念与毅力的励志片。
427,购物女郎,"Oct 21, 2005",Drama,R,"$10,284,523","$13,519,621",时尚女孩购物成瘾，在爱情与金钱中寻找人生真谛的都市轻喜剧。
428,小鸡快跑,"Nov 4, 2005",Adventure,G,"$135,386,665","$177,954,661",一群母鸡策划越狱逃出农场，定格动画经典，讽刺幽默与感动兼具。
429,纳尼亚传奇：狮子、女巫和魔衣橱,"Dec 9, 2005",Adventure,PG,"$291,710,957","$381,557,539",狮子、女巫和魔衣橱：四兄妹穿越魔衣橱进入纳尼亚，拯救被冰雪女王统治的王国。
430,卡萨诺瓦,"Dec 25, 2005",Drama,R,"$11,304,403","$14,574,087",传奇情圣卡萨诺瓦在18世纪威尼斯的浪漫与欺骗故事。
431,荣耀之路,"Jan 13, 2006",Drama,PG,"$42,647,449","$54,888,236",根据真实事件改编，黑人大学篮球队突破种族障碍夺冠的励志电影。
432,安纳波利斯,"Jan 27, 2006",Drama,PG-13,"$17,127,992","$22,044,113",青年进入海军军校接受训练，面对纪律、挑战与自我成长。
433,漫步火星,"Jan 27, 2006",Documentary,G,"$10,407,978","$12,948,025",太空任务失败后宇航员在火星艰难求生，是科幻与人性结合的探索片。
434,南极大冒险,"Feb 17, 2006",Adventure,PG,"$81,612,565","$105,037,235",真实改编，八只雪橇犬被遗落在南极求生，主人誓言营救的感人冒险。
435,蓬松狗,"Mar 10, 2006",Comedy,PG,"$61,123,569","$78,667,428",一只蓬松狗继承大笔遗产，引发人类间的贪婪争斗，是家庭喜剧。
436,生存游戏,"Mar 24, 2006",Horror,PG-13,"$23,086,480","$29,712,825",小镇青少年参与危险冒险，揭露社会游戏与人性黑暗。
437,野性大冒险,"Apr 14, 2006",Adventure,G,"$37,384,046","$48,114,115",城市少年进入荒野寻找父亲，感悟自然与亲情的冒险动画片。
438,挑战体操,"Apr 28, 2006",Comedy,PG-13,"$26,910,736","$34,634,731",前体操冠军回归教练岗位，帮助叛逆少女实现体育梦想。
439,进球！梦想开始,"May 12, 2006",Drama,PG,"$4,283,255","$5,512,647",来自贫民窟的少年加入英国豪门球队，实现足球梦想。
440,赛车总动员,"Jun 9, 2006",Comedy,G,"$244,082,982","$314,140,384",赛车闪电麦坤迷路小镇，学会友情与团队的成长故事，皮克斯经典动画。
441,加勒比海盗：聚魂棺,"Jul 7, 2006",Adventure,PG-13,"$423,315,812","$544,817,142",聚魂棺：杰克·斯派洛再次踏上冒险，对抗海妖章鱼脸戴维·琼斯。
442,舞出我人生,"Aug 11, 2006",Drama,PG-13,"$65,328,121","$84,078,780",问题少年通过舞蹈训练，打破阶层隔阂赢得爱与尊重的青春励志片。
443,不败英豪,"Aug 25, 2006",Drama,PG,"$57,806,952","$74,398,864",迪士尼首位黑人橄榄球教练真实改编，打破偏见带领球队成功。
444,守护者,"Sep 29, 2006",Action,PG-13,"$55,011,732","$70,801,353",经验丰富的海岸警卫教官与新兵之间的挑战与传承，展现救援精神。
445,致命魔术,"Oct 20, 2006",Thriller/Suspense,PG-13,"$53,089,891","$68,289,913",诺兰导演作品，讲述两位魔术师因嫉妒展开致命较量，结构复杂精彩。
446,蒂姆·波顿的圣诞夜惊魂,"Oct 20, 2006",Musical,PG,"$24,732,041","$30,737,517",杰克骷髅误入圣诞节世界，企图接管节日的奇幻歌舞片。
447,圣诞老人3：逃脱法则,"Nov 3, 2006",Comedy,G,"$84,500,122","$108,694,869",逃脱法则：圣诞老人面临“冻结先生”挑战，继续守护圣诞魔法的温馨喜剧。
448,既视感,"Nov 22, 2006",Thriller/Suspense,PG-13,"$64,038,616","$82,267,038",丹泽尔·华盛顿主演，联邦探员通过时间追踪技术阻止恐怖袭击。
449,末日浩劫,"Dec 8, 2006",Adventure,R,"$50,866,635","$64,959,548",灾难片，超级风暴席卷全球，人类逃亡、牺牲与重建的生死史诗。
450,史前秘境,"Jan 12, 2007",Adventure,R,"$10,597,734","$12,985,302",三名少年意外穿越时空进入恐龙时代，展开惊险生存与友情冒险。
451,通往特比西亚的桥,"Feb 16, 2007",Drama,PG,"$82,234,139","$100,760,721",两个孩子通过想象创造神秘国度“特比西亚”，共同面对现实世界的痛苦。
452,疯狂野猪,"Mar 2, 2007",Comedy,PG-13,"$168,213,584","$206,110,533",四个中年男子骑摩托展开自由之旅，却频频闹出笑话的喜剧片。
453,来见罗宾逊一家,"Mar 30, 2007",Adventure,G,"$97,822,171","$119,860,589",孤儿男孩穿越未来，邂逅古怪发明家家庭，找回自我与希望。
454,守望者,"Mar 30, 2007",Drama,R,"$4,600,585","$5,637,048",超级英雄题材，反英雄时代背景下对正义、腐败与人性深刻反思。
455,骗局,"Apr 6, 2007",Drama,R,"$7,164,995","$8,779,196",女主角陷入男友策划的诈骗阴谋，开始反击与自救的惊悚剧情。
456,隐形人,"Apr 27, 2007",Thriller/Suspense,PG-13,"$20,568,319","$25,202,168",科学家开发隐形技术后人格扭曲，引发一系列恐怖与犯罪行为。
457,加勒比海盗：世界尽头,"May 24, 2007",Adventure,PG-13,"$309,420,425","$379,129,960",世界尽头：杰克·斯派洛与伙伴迎来最终海战，解锁命运与宿敌之谜。
458,美食总动员,"Jun 29, 2007",Comedy,G,"$206,445,654","$252,955,933",一只热爱厨艺的老鼠在巴黎帮助年轻厨师实现米其林梦想。
459,弱势英雄,"Aug 3, 2007",Adventure,PG,"$43,760,605","$53,619,462",青年努力克服身体缺陷，挑战社会偏见，传递希望与信念。
460,游戏计划,"Sep 22, 2007",Comedy,PG,"$90,648,202","$111,010,758",美式橄榄球明星突然得知自己有女儿，人生因此彻底改变的亲情喜剧。
461,真实的丹,"Oct 20, 2007",Romantic Comedy,PG-13,"$47,642,963","$58,350,234",一位丧妻作家独自抚养三个女儿，在亲情与新恋情中挣扎寻找幸福。
462,魔法奇缘,"Nov 21, 2007",Romantic Comedy,PG,"$127,706,877","$156,074,310",动画公主穿越到现实纽约，引发奇幻与喜剧交错的浪漫之旅。
463,国家宝藏2：秘密之书,"Dec 21, 2007",Adventure,PG,"$219,961,501","$267,003,525",秘密之书：本·盖茨追踪林肯暗杀阴谋真相，展开世界寻宝冒险。
464,汉娜·蒙塔娜/麦莉·赛勒斯：双面世界演唱会,"Feb 1, 2008",Concert/Performance,G,"$65,281,781","$76,646,993",双面世界演唱会：迪士尼偶像麦莉·赛勒斯的3D演唱会纪录片。
465,舞出我人生2：街舞之路,"Feb 14, 2008",Drama,PG-13,"$58,017,783","$68,118,371",街舞之路：舞者们以街舞为主战场，挑战舞蹈极限，实现梦想。
466,大学之旅,"Mar 7, 2008",Comedy,G,"$45,610,425","$53,550,960",一名高中毕业生与父亲上演一场爆笑“大学考察之旅”，父女关系升温。
467,纳尼亚传奇：凯斯宾王子,"May 16, 2008",Adventure,PG,"$141,621,490","$166,277,038",凯斯宾王子：四兄妹再次回到纳尼亚，帮助王子夺回王位、抵抗暴政。
468,机器人总动员,"Jun 27, 2008",Adventure,G,"$223,808,164","$262,771,918",地球被废弃，机器人 WALL·E 留下清理垃圾，偶遇未来派机器人 EVE 展开宇宙爱情冒险。
469,摇摆投票,"Aug 1, 2008",Comedy,PG-13,"$16,289,867","$19,125,841",一个小女孩无意中掌握总统大选决定权，引发全国瞩目与政治喜剧。
470,进球！2：追梦之路,"Aug 29, 2008",Drama,PG-13,"$225,067","$264,247",追梦之路：桑迪亚哥加入皇家马德里，迎来荣耀与挑战并存的新阶段。
471,圣安娜奇迹,"Sep 26, 2008",Drama,R,"$7,916,887","$9,295,171",二战背景下黑人士兵在意大利小镇引发的人性与信仰故事。
472,比佛利山的吉娃娃,"Oct 3, 2008",Comedy,PG,"$94,514,402","$110,932,022",宠物狗被遗落墨西哥，自我成长并带领伙伴展开归途大冒险。
473,晨光,"Oct 17, 2008",Documentary,PG,"$275,093","$322,979",一段关于青年爱情与音乐梦想的温馨小品。
474,歌舞青春3：毕业季,"Oct 24, 2008",Musical,G,"$90,559,416","$106,308,538",毕业季：高三学生们在离别前用歌舞纪念青春与友情。
475,雷霆战狗,"Nov 21, 2008",Comedy,PG,"$114,053,759","$133,702,498",一只以为自己有超能力的明星狗，在真实世界学会信任与成长。
476,睡前故事,"Dec 25, 2008",Comedy,PG,"$110,101,975","$128,039,679",叔叔讲故事成真，引发连锁奇迹与家庭和解的奇幻喜剧。
477,购物狂的自白,"Feb 13, 2009",Romantic Comedy,PG,"$44,277,350","$49,767,744",女主角购物成瘾，为保住杂志编辑职位与经济危机斗争。
478,乔纳斯兄弟3D演唱会体验,"Feb 27, 2009",Concert/Performance,G,"$38,174,685","$38,174,685",记录迪士尼男团乔纳斯兄弟巡演过程的3D音乐电影。
479,巫山历险,"Mar 13, 2009",Adventure,PG,"$67,172,594","$75,501,997",青少年发现自己拥有超能力，在政府追捕下展开惊险逃亡与探索。
480,汉娜·蒙塔娜大电影,"Apr 10, 2009",Drama,G,"$79,576,189","$89,443,640",偶像明星麦莉回归田园生活，寻回真实自我与家庭价值。
481,地球,"Apr 22, 2009",Documentary,G,"$32,011,576","$35,981,010",BBC 与迪士尼联合推出的自然纪录片，记录地球生物的宏伟旅程。
482,飞屋环游记,"May 29, 2009",Adventure,PG,"$293,004,164","$329,336,681",老爷爷用气球升空实现亡妻心愿，途中邂逅童子军展开奇幻冒险。
483,求婚计划,"Jun 19, 2009",Romantic Comedy,PG-13,"$163,958,031","$184,288,829",女主角前往爱尔兰向男友求婚，途中遭遇意外与真爱的浪漫喜剧。
484,超能小分队,"Jul 24, 2009",Adventure,PG,"$119,436,770","$134,246,932",一群年轻人意外获得超能力，共同阻止神秘敌人的奇幻冒险。
485,悬崖上的金鱼姬,"Aug 14, 2009",Adventure,G,"$15,090,399","$16,961,607",宫崎骏温馨童话，金鱼公主与男孩之间的纯真友情与环保寓意。
486,X运动会3D电影,"Aug 21, 2009",Documentary,PG,"$1,391,434","$1,563,976",展示极限运动如滑板、冲浪、滑雪的精彩画面与热血激情。
487,沃尔特与乐队,"Sep 10, 2009",Documentary,PG,"$20,521","$23,064",年轻鼓手加入问题乐队，用音乐找回自我、友情与梦想。
488,替身危机,"Sep 25, 2009",Action,PG-13,"$38,577,772","$43,361,416",未来人类用替身机器人生活，一位警探发现阴谋，回归人性本源。
489,玩具总动员3D双重体验,"Oct 2, 2009",Adventure,G,"$30,702,446","$34,509,545",将《玩具总动员》系列前两部以 3D 形式重映。
490,迪士尼圣诞颂歌,"Nov 6, 2009",Drama,PG,"$137,855,863","$154,927,105",金·凯瑞主演，根据狄更斯名作改编，讲述吝啬鬼圣诞夜的悔改之旅。
491,公主与青蛙,"Nov 25, 2009",Adventure,G,"$104,400,899","$116,316,457",黑人少女蒂安娜在新奥尔良实现餐厅梦，却意外卷入魔法诅咒变成青蛙。
492,老爸当家,"Nov 25, 2009",Comedy,PG,"$49,492,060","$55,503,929",三位新爸爸学习照顾婴儿的过程，充满育儿趣事与亲情成长。
493,情满罗马,"Jan 29, 2010",Romantic Comedy,PG-13,"$32,680,633","$34,917,330",记者假扮平民邂逅欧洲公主，两人展开浪漫而紧张的罗马之旅。
494,爱丽丝梦游仙境,"Mar 5, 2010",Adventure,PG,"$334,191,110","$357,063,499",蒂姆·波顿奇幻改编，爱丽丝重返仙境挑战“红皇后”统治。
495,唤醒沉睡的美人,"Mar 26, 2010",Documentary,PG,"$80,741","$86,264",现实版童话演绎，被施咒沉睡的少女在真爱之吻下苏醒。
496,最后的歌,"Mar 31, 2010",Drama,PG,"$62,950,384","$67,258,772",少女在暑假与疏远父亲重新建立联系，音乐成为沟通桥梁的亲情片。
497,海洋,"Apr 22, 2010",Documentary,G,"$19,422,319","$20,751,600",自然纪录片，以极富视觉震撼的方式展现海洋生物的多样与壮丽。
498,波斯王子：时之沙,"May 28, 2010",Action,PG-13,"$90,759,676","$96,971,361",时之沙：动作冒险片，王子获得“时之匕首”可倒转时间，踏上拯救帝国之旅。
499,玩具总动员3,"Jun 18, 2010",Adventure,G,"$415,004,880","$443,408,255",安迪即将上大学，玩具们进入托儿所，展开逃亡与告别之旅，感人至深。
500,魔法师的学徒,"Jul 14, 2010",Adventure,PG,"$63,150,991","$67,473,105",现代青年被卷入巫师大战，成为魔法学徒，展开奇幻冒险。
501,舞出我人生3D,"Aug 6, 2010",Drama,PG-13,"$42,400,223","$45,302,137",舞蹈电影续作，街舞与爱情共舞，加入3D元素增强视听体验。
502,地海战记,"Aug 13, 2010",Adventure,PG-13,"$48,658","$51,988",宫崎吾朗执导，少年巫师与王子联手对抗魔法混乱，改编自娥苏拉·勒古恩作品。
503,你又来了,"Sep 24, 2010",Comedy,PG,"$25,702,053","$27,461,121",一对高中死对头在多年后重逢，引发一系列爆笑婚礼混战。
504,传奇赛马,"Oct 8, 2010",Drama,PG,"$59,699,513","$63,781,920",真实故事改编，家庭主妇成为赛马界奇迹背后的推手。
505,魔发奇缘,"Nov 24, 2010",Adventure,PG,"$200,821,936","$214,388,548",被禁锢的长发公主拉普unzel展开逃亡，寻找自由与爱情。
506,创：战纪,"Dec 17, 2010",Adventure,PG,"$172,062,763","$183,619,259",战纪：延续经典科幻《创战纪》，男主进入数字世界寻找失踪父亲。
507,格诺与朱丽叶,"Feb 11, 2011",Comedy,G,"$99,967,670","$106,270,797",花园里的两只侏儒小人演绎现代版《罗密欧与朱丽叶》。
508,我是第四号,"Feb 18, 2011",Adventure,PG-13,"$55,100,437","$58,574,607",外星少年在人类世界隐藏身份，对抗追杀的青春科幻片。
509,火星也需要妈妈,"Mar 11, 2011",Adventure,PG,"$21,392,758","$22,741,603",男孩为营救被火星人绑走的妈妈展开星际历险。
510,非洲猫,"Apr 22, 2011",Documentary,G,"$15,428,747","$16,401,551",记录母狮、猎豹等动物在非洲草原的生存故事，自然纪录片。
511,佐科蒙,"Apr 22, 2011",Adventure,PG,"$2,815","$2,984",少年误入梦境世界，与神秘生物展开勇敢探索之旅。
512,舞会,"Apr 29, 2011",Comedy,PG,"$10,130,219","$10,768,946",女高中生梦想舞会，筹备过程中收获成长与友情。
513,加勒比海盗：惊涛怪浪,"May 20, 2011",Adventure,PG-13,"$241,063,875","$256,263,359",惊涛怪浪：杰克·斯派洛寻找青春泉水，邂逅旧爱与海盗对手。
514,汽车总动员2,"Jun 24, 2011",Adventure,G,"$191,450,875","$203,522,177",闪电麦坤与拖线参加环球大赛，卷入间谍大战。
515,小熊维尼,"Jul 15, 2011",Adventure,G,"$26,692,846","$28,375,869",维尼和朋友寻找失踪的“克里斯多夫·罗宾”，温馨而幽默的冒险。
516,相助,"Aug 10, 2011",Drama,PG-13,"$169,705,587","$180,404,976",描绘20世纪60年代美国南方黑人女佣与白人女作家的感人友情。
517,恐怖之夜,"Aug 19, 2011",Horror,R,"$18,298,649","$19,452,402",少年发现邻居是吸血鬼，展开正义对抗的惊悚喜剧。
518,铁甲钢拳,"Oct 7, 2011",Action,PG-13,"$85,463,309","$90,848,019",未来世界废弃机器人拳击比赛，父子携手逆袭的励志片。
519,布偶大电影,"Nov 23, 2011",Comedy,PG,"$88,625,922","$94,189,503",布偶成员重聚，拯救剧院与找回彼此友情的温馨喜剧。
520,战马,"Dec 25, 2011",Drama,PG-13,"$79,883,359","$84,762,149",一匹战马贯穿一战战线，连接人与人之间的爱与牺牲。
521,借物少女艾莉蒂,"Feb 17, 2012",Adventure,G,"$19,192,510","$20,325,733",宫崎骏作品，小人族少女与人类男孩间跨物种友谊。
522,火星人卡特,"Mar 9, 2012",Adventure,PG-13,"$73,058,679","$77,372,445",前地球人穿越火星，卷入异族战争的史诗科幻冒险。
523,黑猩猩,"Apr 20, 2012",Documentary,G,"$28,965,459","$30,675,725",真实自然纪录片，记录小黑猩猩“奥斯卡”的生存与成长。
524,复仇者联盟,"May 4, 2012",Action,PG-13,"$623,279,547","$660,081,224",漫威超级英雄首次集结对抗外星军团，开启宇宙大战。
525,勇敢传说,"Jun 22, 2012",Adventure,PG,"$237,282,182","$251,292,441",苏格兰公主梅莉达挑战传统命运，追求自由的奇幻动画片。
526,像我们这样的人,"Jun 29, 2012",Drama,PG-13,"$12,431,792","$13,165,822",男主在父亲去世后认识私生女，展开反思家庭关系之旅。
527,蒂莫西·格林的奇异生活,"Aug 15, 2012",Drama,PG,"$51,853,450","$54,914,942",一对夫妇无法生育后发现花园中长出“孩子”的奇迹童话。
528,弗兰肯维尼,"Oct 5, 2012",Comedy,PG,"$35,287,788","$37,363,513",少年复活爱犬引发一系列怪诞事件，蒂姆·波顿风格黑白定格动画。
529,无敌破坏王,"Nov 2, 2012",Adventure,PG,"$189,412,677","$200,354,959",电子游戏反派“破坏王”追寻英雄梦想的奇幻喜剧动画。
530,林肯,"Nov 9, 2012",Drama,PG-13,"$182,207,973","$192,122,330",斯皮尔伯格导演，聚焦林肯总统废除奴隶制的最后奋斗。
531,奥兹大帝,"Mar 8, 2013",Adventure,PG,"$234,770,996","$243,434,130",巫师奥兹从江湖骗子成为拯救仙境的英雄，前传性质的魔幻电影。
532,钢铁侠3,"May 3, 2013",Action,PG-13,"$408,992,272","$424,084,233",托尼·斯塔克面对心魔与“满大人”威胁，是个人成长与科技冲突的续篇。
533,怪兽大学,"Jun 21, 2013",Adventure,G,"$268,488,329","$278,395,641",前传设定，讲述毛怪和大眼仔在大学中从对手到朋友的经历。
534,独行侠,"Jul 2, 2013",Western,PG-13,"$89,302,115","$92,597,388",面具义警“独行侠”与印第安战士托托并肩作战，对抗腐败与强权。
535,飞机总动员,"Aug 9, 2013",Comedy,PG,"$90,282,580","$93,614,037",飞行器世界的故事，农用喷气机梦想参加空中大赛。
536,第五权力,"Oct 18, 2013",Drama,R,"$3,254,172","$3,374,251",维基解密与朱利安·阿桑奇的故事，揭示媒体自由与道德困境。
537,雷神2：黑暗世界,"Nov 8, 2013",Adventure,PG-13,"$206,362,140","$213,962,184",黑暗世界：雷神索尔与洛基联手对抗黑暗精灵，守护九界。
538,起风了,"Nov 8, 2013",Drama,PG-13,"$5,201,879","$5,367,415",宫崎骏最后一部导演长片，讲述梦想建飞机的设计师堀越二郎一生。
539,冰雪奇缘,"Nov 22, 2013",Adventure,PG,"$400,738,009","$414,997,174",艾莎女王拥有冰雪魔力，与妹妹安娜一起解冻王国，姐妹情深的经典。
540,送货上门,"Nov 22, 2013",Comedy,PG-13,"$30,659,817","$31,787,136",男主因捐精意外成为533个孩子的生父，陷入喜剧与责任中。
541,拯救班克斯先生,"Dec 13, 2013",Drama,PG-13,"$83,299,761","$86,249,969",讲述《欢乐满人间》背后华特迪士尼与原作者P.L.特拉弗斯的版权博弈。
542,急速追杀,"Mar 14, 2014",Action,PG-13,"$43,568,507","$44,955,015",特工为拯救被绑女儿而在巴黎展开惊险追踪。
543,布偶大追捕,"Mar 21, 2014",Comedy,PG,"$51,178,893","$52,807,594",布偶团再次集结，这次陷入国际阴谋与双胞胎骗局。
544,美国队长2：冬日战士,"Apr 4, 2014",Action,PG-13,"$259,746,958","$268,013,076",冬日战士：史蒂夫面对老友冬兵的回归与神盾局内部危机。
545,熊,"Apr 18, 2014",Documentary,G,"$17,780,194","$18,346,024",自然纪录片，记录母熊育儿与阿拉斯加自然生态的真实影像。
546,百万美元神臂,"May 10, 2014",Drama,PG,"$36,447,959","$37,607,865",印度板球选手通过选秀进入美国棒球联盟，励志体育电影。
547,黑魔女：沉睡魔咒,"May 30, 2014",Adventure,PG,"$241,407,328","$249,089,809",沉睡魔咒：以黑魔女玛琳菲森视角重述《睡美人》，刻画反派人性。
548,飞机总动员2：火力救援,"Jul 18, 2014",Adventure,PG,"$59,157,732","$61,040,349",火力救援：喷气机“达斯提”加入森林消防队，成为英勇消防员。
549,银河护卫队,"Aug 1, 2014",Adventure,PG-13,"$333,172,112","$343,771,168",一群外星怪咖组成超级英雄联盟，拯救宇宙的另类爆笑科幻片。
550,百尺之旅,"Aug 8, 2014",Romantic Comedy,PG,"$54,235,441","$55,961,409",印度家族在法国开餐馆，与对面米其林法餐厅女主展开美食文化冲突与融合。
551,亚历山大与糟糕透顶的一天,"Oct 10, 2014",Comedy,PG,"$66,954,149","$69,055,550",主角全家经历“天灾人祸”的一天，轻松家庭喜剧。
552,超能陆战队,"Nov 7, 2014",Adventure,PG,"$222,527,828","$229,249,222",少年天才与机器人“大白”共同对抗高科技阴谋，感人又爆笑的动画片。
553,魔法森林,"Dec 25, 2014",Musical,PG,"$128,002,372","$130,894,237",改编自百老汇音乐剧，童话人物穿越故事线挑战命运的黑暗幻想。
554,怪诞魔法,"Jan 23, 2015",Adventure,PG,"$12,429,583","$12,429,583",原始部落少年挑战禁忌魔法，寻找真相与成长的幻想冒险动画。
555,麦克法兰，美国,"Feb 20, 2015",Drama,PG,"$44,480,275","$44,480,275",讲述拉丁裔学生在长跑比赛中克服困难、实现梦想的真实故事。
556,灰姑娘,"Mar 13, 2015",Drama,PG,"$201,151,353","$201,151,353",真人改编经典童话，坚强善良的少女与王子舞会邂逅，获得幸福。
557,猴子王国,"Apr 17, 2015",Documentary,G,"$16,432,322","$16,432,322",记录泰国丛林猴群生活，关注母猴育儿与猴群社会结构的自然纪录片。
558,复仇者联盟2：奥创纪元,"May 1, 2015",Action,PG-13,"$459,005,868","$459,005,868",奥创纪元：钢铁侠创造AI“奥创”失控，复联再度集结阻止世界毁灭。
559,明日世界,"May 22, 2015",Adventure,PG,"$93,436,322","$93,436,322",少女发现神秘徽章，踏入未来乌托邦世界寻找真相。
560,头脑特工队,"Jun 19, 2015",Adventure,PG,"$356,461,711","$356,461,711",皮克斯佳作，以五个情绪小人视角描绘少女内心的成长与变化。
561,蚁人,"Jul 17, 2015",Action,PG-13,"$180,202,163","$180,202,163",科学家打造微缩战衣，普通人斯科特成为“蚁人”展开潜入与反转任务。
562,间谍之桥,"Oct 16, 2015",Thriller/Suspense,PG-13,"$72,313,754","$72,313,754",冷战时期律师帮助营救美苏间被俘间谍，斯皮尔伯格执导政治谍战片。
563,恐龙当家,"Nov 25, 2015",Adventure,PG,"$123,087,120","$123,087,120",设想恐龙未灭绝的世界，讲述小雷龙与人类少年之间的友谊冒险。
564,星球大战7：原力觉醒,"Dec 18, 2015",Adventure,PG-13,"$936,662,225","$936,662,225",原力觉醒：天行者家族后代登场，反抗军与第一秩序新战争打响。
565,最艰险时刻,"Jan 29, 2016",Thriller/Suspense,PG,"$27,569,558","$27,569,558",海上救援史上最伟大营救之一，讲述海岸警卫队英勇精神。
566,疯狂动物城,"Mar 4, 2016",Adventure,PG,"$341,268,248","$341,268,248",兔警官与狐狸骗子搭档查案，映射社会偏见的动画侦探片。
567,奇幻森林,"Apr 15, 2016",Adventure,PG,"$364,001,123","$364,001,123",小男孩在动物世界中成长，重塑迪士尼经典IP的CG重拍版。
568,美丽星球,"Apr 29, 2016",Documentary,G,"$7,895,708","$7,895,708",IMAX自然纪录片，从太空视角观察地球生态与环境变迁。
569,美国队长3：内战,"May 6, 2016",Action,PG-13,"$408,084,349","$408,084,349",内战：英雄间因政治与信念对立，分裂为钢铁侠与美国队长阵营。
570,爱丽丝镜中奇遇,"May 27, 2016",Adventure,PG,"$77,042,381","$77,042,381",续集讲述爱丽丝穿越时空救回疯帽子，与时间展开斗争。
571,海底总动员2：多莉去哪儿,"Jun 17, 2016",Adventure,PG,"$486,295,561","$486,295,561",多莉去哪儿：健忘鱼多莉寻找父母，与新伙伴一起历险海洋深处。
572,好心眼儿巨人,"Jul 1, 2016",Adventure,PG,"$55,483,770","$55,483,770",斯皮尔伯格执导童话，女孩与巨人揭露梦境魔法的奇幻故事。
573,彼得与龙,"Aug 12, 2016",Adventure,PG,"$76,233,151","$76,233,151",男孩与绿色飞龙友情羁绊，融合现实与魔幻的温情家庭片。
574,两海之间的光,"Sep 2, 2016",Drama,PG-13,"$12,545,979","$12,545,979",灯塔看守人与妻子收养漂流婴儿，引发伦理困境与法律冲突。
575,卡特维女王,"Sep 23, 2016",Drama,PG,"$8,874,389","$8,874,389",乌干达女孩在国际象棋领域崛起的真实励志成长故事。
576,奇异博士,"Nov 4, 2016",Adventure,PG-13,"$232,532,923","$232,532,923",神经外科医生车祸后踏入魔法世界，开启平行宇宙与时间控制之旅。
577,海洋奇缘,"Nov 23, 2016",Adventure,PG,"$246,082,029","$246,082,029",勇敢女孩莫阿娜与半神毛伊航海探险，找回海洋与自然的连接。
578,星球大战外传：侠盗一号,"Dec 16, 2016",Adventure,PG-13,"$529,483,936","$529,483,936",侠盗一号：一组义军冒死盗取死星图纸，为主系列埋下序章伏笔。
