index,movie_title,release_date,genre,MPAA_rating,total_gross,inflation_adjusted_gross
0,白雪公主和七个小矮人,"Dec 21, 1937",Musical,G,"$184,925,485","$5,228,953,251"
1,皮诺曹,"Feb 9, 1940",Adventure,G,"$84,300,000","$2,188,229,052"
2,幻想曲,"Nov 13, 1940",Musical,G,"$83,320,000","$2,187,090,808"
3,南方之歌,"Nov 12, 1946",Adventure,G,"$65,000,000","$1,078,510,579"
4,灰姑娘,"Feb 15, 1950",Drama,G,"$85,000,000","$920,608,730"
5,海底两万里,"Dec 23, 1954",Adventure,,"$28,200,000","$528,279,994"
6,美女与流浪汉,"Jun 22, 1955",Drama,G,"$93,600,000","$1,236,035,515"
7,睡美人,"Jan 29, 1959",Drama,,"$9,464,608","$21,505,832"
8,一百零一斑点狗,"Jan 25, 1961",Comedy,G,"$153,000,000","$1,362,870,985"
9,心不在焉的教授,"Mar 16, 1961",Comedy,,"$25,381,407","$310,094,574"
10,玩具乐园历险记,"Dec 14, 1961",Musical,G,"$10,218,316","$124,841,160"
11,一路顺风！,"May 17, 1962",Comedy,Not Rated,"$9,230,769","$109,581,646"
12,石中剑,"Dec 25, 1963",Adventure,,"$22,182,353","$153,870,834"
13,森林王子,"Oct 18, 1967",Musical,Not Rated,"$141,843,000","$789,612,346"
14,黑胡子的幽灵,"Feb 8, 1968",Comedy,,"$21,540,050","$138,612,686"
15,猫儿历险记,"Apr 24, 1970",Musical,G,"$55,675,257","$255,161,499"
16,船员奇遇记,"Jul 1, 1970",Comedy,,"$18,607,492","$101,200,742"
17,神奇魔床与扫帚,"Oct 7, 1971",Musical,,"$17,871,174","$91,305,448"
18,苹果帮,"Jul 1, 1975",Comedy,,"$31,916,500","$131,246,872"
19,疯狂星期五,"Jan 21, 1977",Comedy,,"$25,942,000","$98,067,733"
20,小熊维尼历险记,"Mar 11, 1977",,,$0,$0
21,鼠来宝,"Jun 22, 1977",Adventure,,"$48,775,599","$159,743,914"
22,哈比赛车摩纳哥,"Jun 24, 1977",,,"$28,000,000","$105,847,527"
23,黑洞,"Dec 21, 1979",,,"$35,841,901","$120,377,374"
24,午夜疯狂,"Feb 8, 1980",,,"$2,900,000","$9,088,096"
25,诺亚方舟最后的飞行,"Jun 25, 1980",,,"$11,000,000","$34,472,116"
26,魔鬼与马克斯·德文,"Jan 1, 1981",,,"$16,000,000","$48,517,980"
27,艾米,"Mar 20, 1981",Drama,,$0,$0
28,狐狸与猎狗,"Jul 10, 1981",Comedy,,"$43,899,231","$133,118,889"
29,间谍康多曼,"Aug 7, 1981",Action,,$0,$0
30,夜渡,"Feb 5, 1982",Drama,,"$4,500,000","$12,903,059"
31,电子世界争霸战,"Jul 9, 1982",Action,,"$26,918,576","$77,184,895"
32,特克斯,"Nov 19, 1982",Drama,,"$7,199,408","$20,643,199"
33,风衣,"Mar 11, 1983",Comedy,,"$4,304,286","$11,519,089"
34,邪恶悄然而至,"Apr 29, 1983",Horror,,"$5,656,087","$15,136,765"
35,狼的沉默,"Oct 7, 1983",Drama,,"$27,668,764","$70,669,955"
36,勇往直前,"Nov 4, 1983",Drama,,"$1,204,595","$3,223,725"
37,人鱼传说,"Mar 9, 1984",Comedy,PG,"$62,599,495","$157,057,661"
38,乡村,"Sep 29, 1984",Drama,,"$8,400,000","$21,075,000"
39,宝贝：失落传奇的秘密,"Mar 22, 1985",Adventure,,"$14,276,095","$33,900,697"
40,回到奥兹国,"Jun 21, 1985",Adventure,,"$10,618,813","$25,215,934"
41,黑色大坩埚,"Jul 24, 1985",Adventure,,"$21,288,692","$50,553,142"
42,我的科学项目,"Aug 9, 1985",Comedy,,"$4,100,000","$9,736,051"
43,纳蒂·甘的旅程,"Sep 27, 1985",Drama,,"$9,468,512","$22,302,956"
44,神奇的圣诞节,"Nov 22, 1985",Drama,,"$13,229,514","$31,415,432"
45,比佛利山的穷人,"Jan 31, 1986",Comedy,R,"$62,134,225","$141,183,693"
46,疯狂节奏,"Apr 11, 1986",Comedy,,"$4,842,778","$11,003,932"
47,冷酷的人,"Jun 27, 1986",Comedy,R,"$71,624,879","$162,748,712"
48,鼠侦探,"Jul 2, 1986",Adventure,,"$23,605,534","$53,637,367"
49,导航者飞行,"Jul 30, 1986",Adventure,,"$18,564,613","$42,183,197"
50,狠角色,"Oct 3, 1986",Comedy,,"$21,458,229","$48,758,184"
51,金钱本色,"Oct 17, 1986",Drama,R,"$52,293,000","$117,957,323"
52,惊世奇缘,"Jan 30, 1987",Comedy,R,"$52,864,741","$113,976,921"
53,锡人,"Mar 6, 1987",Comedy,,"$25,411,386","$54,787,202"
54,欧内斯特去野营,"May 22, 1987",Comedy,,"$23,509,382","$50,686,462"
55,被追捕的本吉,"Jun 5, 1987",Adventure,,"$15,212,539","$32,798,382"
56,保姆历险记,"Jul 3, 1987",Comedy,,"$33,790,923","$72,853,569"
57,埋伏,"Aug 5, 1987",Comedy,R,"$65,673,233","$141,592,160"
58,爱情无价,"Aug 14, 1987",Romantic Comedy,,"$31,623,833","$68,181,300"
59,再次问候,"Nov 6, 1987",Comedy,,"$20,419,446","$44,024,529"
60,三个男人和一个宝贝,"Nov 25, 1987",Comedy,PG,"$167,780,960","$353,334,607"
61,早安，越南,"Dec 23, 1987",Comedy,R,"$123,922,370","$254,414,837"
62,杀戮现场,"Feb 12, 1988",Action,,"$29,300,000","$60,097,074"
63,死亡公告,"Mar 18, 1988",Thriller/Suspense,,"$12,706,478","$26,062,188"
64,重返雪河,"Apr 15, 1988",Adventure,PG,"$13,687,027","$28,073,384"
65,大买卖,"Jun 10, 1988",Comedy,PG,"$40,150,487","$82,352,451"
66,谁陷害了兔子罗杰？,"Jun 22, 1988",Comedy,PG,"$154,112,492","$316,250,084"
67,鸡尾酒,"Jul 29, 1988",Drama,R,"$78,222,753","$160,442,289"
68,援救行动,"Aug 5, 1988",Action,,"$5,855,392","$12,009,960"
69,心碎酒店,"Sep 30, 1988",Comedy,,"$5,509,417","$11,300,331"
70,好母亲,"Nov 4, 1988",Drama,,"$4,764,606","$9,772,655"
71,欧内斯特救圣诞,"Nov 11, 1988",Comedy,PG,"$28,202,109","$57,845,202"
72,奥利弗与伙伴,"Nov 18, 1988",Adventure,G,"$49,576,671","$102,254,492"
73,海滩,"Dec 21, 1988",Drama,PG-13,"$57,041,866","$120,381,757"
74,三个逃犯,"Jan 27, 1989",Comedy,PG-13,"$40,590,000","$85,757,817"
75,纽约故事,"Mar 1, 1989",Drama,PG,"$10,763,469","$22,740,861"
76,无组织犯罪,"Apr 14, 1989",Comedy,,"$7,210,149","$15,233,465"
77,死亡诗社,"Jun 2, 1989",Drama,PG,"$95,860,116","$202,531,517"
78,亲爱的，我把孩子缩小了,"Jun 23, 1989",Adventure,PG,"$130,724,172","$276,191,669"
79,特纳与胡奇,"Jul 28, 1989",Comedy,PG,"$71,079,915","$150,176,361"
80,猎豹,"Aug 18, 1989",Adventure,,"$7,882,250","$16,653,473"
81,无辜者,"Oct 6, 1989",Drama,R,"$19,397,847","$40,983,414"
82,人体解剖课,"Oct 20, 1989",Drama,PG-13,"$11,346,186","$23,972,012"
83,小美人鱼,"Nov 15, 1989",Adventure,G,"$111,543,479","$223,726,012"
84,烈焰,"Dec 13, 1989",Drama,R,"$19,049,727","$39,884,640"
85,斯特拉,"Feb 2, 1990",Drama,PG-13,"$20,062,347","$40,077,147"
86,心之所向,"Feb 23, 1990",Comedy,,"$1,106,475","$2,210,321"
87,风月俏佳人,"Mar 23, 1990",Romantic Comedy,R,"$178,406,268","$356,389,765"
88,欧内斯特入狱,"Apr 6, 1990",Comedy,PG,"$25,029,569","$49,999,822"
89,太空入侵者,"Apr 27, 1990",Comedy,PG,"$15,000,000","$29,964,452"
90,火鸟,"May 24, 1990",Action,PG-13,"$14,760,451","$29,485,923"
91,狄克·特雷西,"Jun 15, 1990",Action,PG,"$103,738,726","$207,231,621"
92,贝琪的婚礼,"Jun 22, 1990",Comedy,R,"$19,740,070","$39,433,357"
93,蜘蛛恐惧症,"Jul 18, 1990",Thriller/Suspense,PG-13,"$53,208,180","$106,290,270"
94,唐老鸭剧场版：失落宝灯,"Aug 3, 1990",Adventure,G,"$18,075,331","$36,107,823"
95,照顾生意,"Aug 17, 1990",Comedy,R,"$20,005,435","$39,963,460"
96,命运先生,"Oct 12, 1990",Comedy,PG-13,"$15,379,253","$30,722,056"
97,鼠来宝2：澳洲奇缘,"Nov 16, 1990",Adventure,G,"$27,931,461","$55,796,728"
98,三个男人和小女人,"Nov 21, 1990",Comedy,PG,"$71,609,321","$143,108,869"
99,绿卡,"Dec 25, 1990",Romantic Comedy,PG-13,"$29,804,169","$59,679,131"
100,白牙,"Jan 18, 1991",Adventure,PG,"$34,729,091","$69,540,672"
101,商场情景,"Feb 22, 1991",Comedy,,"$9,563,393","$19,149,495"
102,哈康·霍孔森,"Mar 1, 1991",Adventure,PG,"$15,024,232","$30,084,149"
103,结婚的男人,"Apr 5, 1991",Romantic Comedy,R,"$12,454,768","$24,939,118"
104,奥斯卡,"Apr 26, 1991",Comedy,PG,"$23,562,716","$47,181,395"
105,一位好警官,"May 3, 1991",Action,R,"$11,276,846","$22,580,472"
106,鲍勃怎么办？,"May 17, 1991",Comedy,PG,"$63,710,000","$127,571,325"
107,不灭的心,"May 24, 1991",Drama,,"$7,300,000","$14,617,333"
108,火箭人,"Jun 21, 1991",Action,PG,"$46,573,027","$93,256,673"
109,医生,"Jul 24, 1991",Drama,PG-13,"$37,497,480","$75,084,021"
110,天堂,"Sep 18, 1991",Drama,PG-13,"$18,634,643","$37,313,540"
111,欺骗,"Sep 27, 1991",Thriller/Suspense,PG-13,"$28,738,096","$57,544,453"
112,欧内斯特被吓傻,"Oct 11, 1991",Comedy,PG,"$14,143,280","$28,320,147"
113,比利·巴斯盖特,"Nov 1, 1991",Drama,R,"$15,565,363","$31,167,691"
114,美女与野兽,"Nov 13, 1991",Musical,G,"$218,951,625","$363,017,667"
115,新娘的父亲,"Dec 20, 1991",Comedy,PG,"$89,325,780","$179,821,881"
116,摇篮摇动者之手,"Jan 10, 1992",Thriller/Suspense,R,"$88,036,683","$178,831,137"
117,荒野医生,"Feb 7, 1992",Drama,PG-13,"$44,948,240","$91,304,495"
118,怪罪门童,"Mar 6, 1992",Comedy,PG-13,"$2,891,055","$5,872,667"
119,幕后嘈杂,"Mar 20, 1992",Comedy,PG-13,"$2,280,148","$4,631,720"
120,直言不讳,"Apr 3, 1992",Comedy,PG,"$21,202,099","$43,068,356"
121,送报童,"Apr 8, 1992",,PG,"$2,706,352","$5,497,481"
122,去世,"Apr 24, 1992",,PG-13,"$4,030,793","$8,187,848"
123,恩西诺男人,"May 22, 1992",Comedy,PG,"$40,057,130","$81,369,058"
124,修女也疯狂,"May 29, 1992",Comedy,PG,"$139,605,150","$283,583,472"
125,亲爱的，我把孩子吹大了,"Jul 17, 1992",Comedy,PG,"$58,662,452","$119,162,518"
126,我们之中有陌生人,"Jul 17, 1992",Drama,PG-13,"$12,282,994","$24,950,752"
127,三个忍者,"Aug 7, 1992",Action,PG,"$29,028,000","$58,965,304"
128,贝蒂·路易手提包里的枪,"Aug 21, 1992",,PG-13,"$3,591,460","$7,295,423"
129,罗恩船长,"Sep 18, 1992",Comedy,PG-13,"$22,518,097","$45,741,576"
130,萨拉菲娜！,"Sep 18, 1992",Drama,PG-13,"$7,306,242","$14,841,352"
131,纯真血液,"Sep 25, 1992",Horror,R,"$4,877,567","$9,907,922"
132,神奇鸭队,"Oct 2, 1992",Comedy,PG,"$50,752,337","$103,120,810"
133,1492：征服天堂,"Oct 9, 1992",Adventure,PG-13,"$7,099,531","$14,421,454"
134,合意的成年人,"Oct 16, 1992",Drama,R,"$21,591,728","$43,859,823"
135,阿拉丁,"Nov 11, 1992",Comedy,G,"$217,350,219","$441,969,178"
136,杰出绅士,"Dec 4, 1992",Comedy,R,"$46,434,570","$94,349,900"
137,布偶圣诞颂,"Dec 11, 1992",Comedy,G,"$27,281,507","$55,417,615"
138,活着,"Jan 15, 1993",Adventure,R,"$36,299,670","$73,914,543"
139,极限阿斯本,"Jan 22, 1993",Romantic Comedy,PG-13,"$7,843,388","$15,970,955"
140,归途奇兵,"Feb 3, 1993",Adventure,G,"$41,833,324","$85,182,343"
141,墓地俱乐部,"Feb 3, 1993",Comedy,PG-13,"$5,583,621","$11,369,541"
142,摇摆少年,"Mar 5, 1993",Musical,PG-13,"$5,632,086","$11,468,231"
143,遥远的地方,"Mar 12, 1993",Adventure,PG,"$12,890,752","$26,248,558"
144,昨日出生,"Mar 26, 1993",Romantic Comedy,PG,"$17,760,754","$36,165,012"
145,哈克贝利·费恩的冒险,"Apr 2, 1993",Adventure,PG,"$24,103,594","$49,080,505"
146,荣誉之约,"Apr 16, 1993",,R,"$4,496,583","$9,156,084"
147,印度之夏,"Apr 23, 1993",Comedy,R,"$14,717,851","$29,968,953"
148,超级马里奥兄弟,"May 28, 1993",Action,PG,"$20,844,907","$42,445,058"
149,罪恶无边,"Jun 4, 1993",Thriller/Suspense,R,"$22,622,537","$46,064,723"
150,和米基共度生活,"Jun 4, 1993",Comedy,PG,"$12,349,549","$25,146,538"
151,爱又何干,"Jun 9, 1993",Drama,R,"$39,100,956","$79,618,610"
152,法律之子,"Jul 2, 1993",Comedy,PG-13,"$25,989,889","$52,921,433"
153,魔法奇缘,"Jul 16, 1993",Comedy,PG,"$39,360,491","$80,147,079"
154,再次埋伏,"Jul 23, 1993",Comedy,PG-13,"$20,107,504","$40,943,541"
155,我的男友回来了,"Aug 6, 1993",,PG-13,"$3,218,882","$6,554,384"
156,父亲的庇护,"Aug 27, 1993",,PG-13,"$3,268,203","$6,654,819"
157,喜福会,"Sep 8, 1993",Drama,R,"$32,790,064","$66,768,171"
158,无本之利,"Sep 10, 1993",Comedy,R,"$1,044,824","$2,127,496"
159,节目,"Sep 24, 1993",Action,R,"$23,042,200","$46,919,256"
160,冰上奇迹,"Oct 1, 1993",Comedy,PG,"$68,856,263","$140,392,731"
161,圣诞前夜梦魇,"Oct 13, 1993",Musical,PG,"$50,408,318","$100,026,637"
162,三剑客,"Nov 12, 1993",Adventure,PG,"$53,661,805","$109,310,377"
163,修女也疯狂2：重返修道院,"Dec 10, 1993",Comedy,PG,"$57,319,029","$116,965,668"
164,墓碑镇,"Dec 25, 1993",Western,R,"$56,505,065","$115,781,734"
165,高空雄鹰,"Jan 7, 1994",Comedy,PG,"$20,782,439","$42,940,186"
166,船舱男孩,"Jan 7, 1994",Comedy,PG-13,"$3,469,493","$7,168,577"
167,铁意志,"Jan 14, 1994",Drama,PG,"$20,623,071","$42,610,902"
168,红岩西部,"Jan 28, 1994",,R,"$2,502,551","$5,170,709"
169,空白支票,"Feb 11, 1994",Comedy,PG,"$30,573,770","$63,170,804"
170,安吉,"Mar 4, 1994",Comedy,R,"$9,252,349","$19,116,981"
171,裁判,"Mar 9, 1994",Comedy,R,"$11,325,885","$23,401,275"
172,D2：神奇鸭队,"Mar 25, 1994",Comedy,PG,"$45,604,206","$94,226,333"
173,神圣婚礼,"Apr 8, 1994",Comedy,,"$713,234","$1,473,665"
174,白牙2：白狼传奇,"Apr 15, 1994",Adventure,PG,"$8,752,399","$18,083,994"
175,墨水笔记,"Apr 22, 1994",Comedy,R,"$8,864,699","$18,316,030"
176,当男人爱上女人,"Apr 29, 1994",Drama,R,"$50,021,959","$103,354,194"
177,三个忍者再战,"May 6, 1994",Action,PG,"$11,744,960","$24,267,154"
178,文艺复兴人,"Jun 3, 1994",Comedy,PG-13,"$24,172,899","$49,945,474"
179,狮子王,"Jun 15, 1994",Adventure,G,"$422,780,140","$761,640,898"
180,我爱麻烦,"Jun 29, 1994",Romantic Comedy,PG,"$30,806,194","$63,651,027"
181,天使守望外野,"Jul 15, 1994",Comedy,PG,"$50,236,831","$103,798,152"
182,现在参军,"Aug 12, 1994",Comedy,PG,"$28,881,266","$59,673,787"
183,夜色,"Aug 19, 1994",Thriller/Suspense,R,"$19,750,470","$40,804,816"
184,无处营地,"Aug 26, 1994",Comedy,PG,"$10,442,641","$21,576,332"
185,帕特来了,"Aug 26, 1994",Comedy,,"$60,822","$125,666"
186,命运的转折,"Sep 2, 1994",Drama,PG-13,"$3,404,935","$7,035,189"
187,智力竞赛,"Sep 14, 1994",Drama,PG-13,"$24,787,282","$50,840,394"
188,极限速降,"Sep 23, 1994",Action,PG-13,"$16,478,900","$34,048,315"
189,艾德·伍德,"Sep 30, 1994",Comedy,R,"$5,828,466","$12,042,634"
190,木偶大师,"Oct 21, 1994",Horror,R,"$8,579,626","$17,727,017"
191,斯夸托：战士的传说,"Oct 28, 1994",Drama,PG,"$3,319,344","$6,858,345"
192,圣诞老人条款,"Nov 11, 1994",Comedy,PG,"$144,833,357","$298,369,717"
193,丑陋耻辱,"Nov 23, 1994",Action,R,"$29,317,886","$60,321,919"
194,森林王子,"Dec 25, 1994",Adventure,PG,"$44,342,956","$88,930,321"
195,房客,"Jan 6, 1995",Comedy,PG,"$26,325,256","$51,016,522"
196,烂公司,"Jan 20, 1995",Thriller/Suspense,R,"$3,523,909","$6,829,092"
197,迈阿密狂想曲,"Jan 27, 1995",Romantic Comedy,PG-13,"$5,086,578","$9,857,435"
198,杰基小子,"Feb 3, 1995",Comedy,R,"$7,555,256","$14,641,561"
199,重量级拳王,"Feb 17, 1995",Comedy,PG,"$17,671,310","$34,245,779"
200,家里的男人,"Mar 3, 1995",Comedy,PG,"$40,029,009","$77,573,459"
201,室友,"Mar 3, 1995",Comedy,PG,"$12,076,989","$23,404,369"
202,夸张故事,"Mar 24, 1995",Western,PG,"$8,247,627","$15,983,331"
203,纵火狂的爱情故事,"Mar 28, 1995",Romantic Comedy,PG,"$468,240","$907,414"
204,巴黎的杰斐逊,"Mar 31, 1995",Drama,PG-13,"$2,461,628","$4,770,461"
205,笑骨,"Mar 31, 1995",Comedy,R,"$529,135","$1,025,425"
206,高飞历险记,"Apr 7, 1995",Comedy,G,"$35,336,439","$68,479,579"
207,当你沉睡时,"Apr 21, 1995",Romantic Comedy,PG,"$81,057,016","$157,082,900"
208,赤潮,"May 12, 1995",Action,R,"$91,387,195","$177,102,077"
209,疯狂的爱,"May 26, 1995",Drama,PG-13,"$15,446,532","$29,934,306"
210,风中奇缘,"Jun 10, 1995",Adventure,G,"$141,579,773","$274,370,957"
211,审判官德雷德,"Jun 30, 1995",Action,R,"$34,687,912","$67,222,776"
212,大象跳伞行动,"Jul 28, 1995",Adventure,PG,"$24,670,346","$47,809,421"
213,危险心灵,"Aug 11, 1995",Drama,R,"$84,919,401","$164,552,293"
214,亚瑟王宫的男孩,"Aug 11, 1995",Adventure,PG,"$13,406,717","$25,981,285"
215,羁绊,"Sep 8, 1995",Thriller/Suspense,R,"$5,762,795","$11,167,895"
216,散弦英雄,"Sep 15, 1995",Drama,PG,"$7,929,000","$15,365,850"
217,大绿队,"Sep 29, 1995",Comedy,PG,"$17,736,619","$34,372,339"
218,死去的总统,"Oct 4, 1995",Drama,R,"$24,120,194","$46,741,467"
219,红字,"Oct 13, 1995",Drama,R,"$10,359,006","$20,075,033"
220,七月盛宴,"Oct 13, 1995",Drama,R,"$293,274","$568,342"
221,粉末,"Oct 27, 1995",Drama,PG-13,"$30,833,914","$59,727,216"
222,玩具总动员,"Nov 22, 1995",Adventure,G,"$191,796,233","$370,409,631"
223,新娘父亲2,"Dec 8, 1995",Comedy,PG,"$76,578,911","$147,658,438"
224,尼克松,"Dec 20, 1995",Drama,R,"$13,668,249","$26,302,005"
225,汤姆与哈克,"Dec 22, 1995",Adventure,PG,"$23,837,227","$45,911,517"
226,霍兰德先生的乐章,"Dec 29, 1995",Drama,PG,"$82,582,604","$157,508,868"
227,白色风暴,"Feb 2, 1996",Adventure,PG-13,"$10,229,300","$19,509,726"
228,布偶宝岛历险记,"Feb 16, 1996",Adventure,G,"$34,327,391","$65,470,567"
229,错先生,"Feb 16, 1996",Romantic Comedy,PG-13,"$12,805,071","$24,422,334"
230,前与后,"Feb 23, 1996",Drama,PG-13,"$8,642,118","$16,482,589"
231,近距离接触,"Mar 1, 1996",Drama,PG-13,"$51,045,801","$97,356,578"
232,归途2：旧金山迷失记,"Mar 8, 1996",Adventure,G,"$32,709,423","$62,384,706"
233,太多,"Mar 15, 1996",Romantic Comedy,PG-13,"$1,078,555","$2,057,055"
234,城市里的印第安人,"Mar 22, 1996",Comedy,PG,"$1,029,731","$1,963,937"
235,詹姆斯与巨桃历险记,"Apr 12, 1996",Adventure,PG,"$28,921,264","$55,159,783"
236,凯尔特骄傲,"Apr 19, 1996",Comedy,PG-13,"$9,240,378","$17,623,615"
237,最后的舞步,"May 3, 1996",Drama,R,"$5,857,534","$11,171,714"
238,男孩们,"May 10, 1996",Drama,PG-13,"$21,930,418","$41,826,566"
239,硬汉间谍,"May 24, 1996",Comedy,PG-13,"$26,936,265","$51,373,912"
240,艾迪,"May 31, 1996",Comedy,PG-13,"$31,369,401","$59,828,966"
241,勇闯夺命岛,"Jun 7, 1996",Action,R,"$134,069,511","$255,702,705"
242,巴黎圣母院的钟楼怪人,"Jun 21, 1996",Adventure,G,"$100,138,851","$190,988,799"
243,超凡现象,"Jul 5, 1996",Drama,PG,"$104,636,382","$199,559,799"
244,魔童卡赞,"Jul 17, 1996",Comedy,PG,"$18,880,508","$36,009,655"
245,杰克,"Aug 9, 1996",Drama,PG-13,"$58,617,334","$111,792,852"
246,第一小子,"Aug 30, 1996",Comedy,PG,"$26,465,920","$50,465,108"
247,富翁的妻子,"Sep 13, 1996",Thriller/Suspense,R,"$8,538,318","$16,284,619"
248,D3：神奇鸭队,"Oct 4, 1996",Comedy,PG,"$22,936,273","$43,713,554"
249,合伙人,"Oct 25, 1996",Comedy,PG-13,"$12,772,657","$24,333,094"
250,赎金风云,"Nov 8, 1996",Action,R,"$136,492,681","$259,807,820"
251,家中的战争,"Nov 20, 1996",,R,"$34,368","$65,543"
252,101斑点狗,"Nov 27, 1996",Comedy,G,"$136,189,294","$258,728,898"
253,传道人的妻子,"Dec 13, 1996",Drama,PG,"$48,102,795","$91,076,877"
254,艾薇塔,"Dec 25, 1996",Musical,PG,"$50,047,179","$92,077,628"
255,地铁,"Jan 17, 1997",Action,R,"$32,017,895","$58,804,106"
256,普雷方丹,"Jan 24, 1997",Drama,PG-13,"$590,817","$1,085,093"
257,暗影阴谋,"Jan 31, 1997",Thriller/Suspense,R,"$2,154,540","$3,957,025"
258,该死的猫,"Feb 14, 1997",Comedy,PG,"$18,301,828","$33,613,158"
259,丛林2丛林,"Mar 7, 1997",Comedy,PG,"$59,925,026","$110,058,379"
260,第六人,"Mar 28, 1997",Comedy,PG-13,"$14,765,099","$27,117,599"
261,格罗斯蓬特暗杀令,"Apr 11, 1997",Black Comedy,R,"$28,084,357","$51,579,764"
262,罗米与米歇尔的高中同学会,"Apr 25, 1997",Comedy,R,"$29,235,353","$53,693,680"
263,去钓鱼,"May 30, 1997",Comedy,PG,"$19,745,922","$36,265,379"
264,空中监狱,"Jun 6, 1997",Action,R,"$101,117,573","$185,712,664"
265,大力士,"Jun 13, 1997",Adventure,G,"$99,112,101","$182,029,412"
266,丛林大帝乔治,"Jul 16, 1997",Comedy,PG,"$105,263,257","$193,326,632"
267,无所畏惧,"Jul 18, 1997",Comedy,R,"$44,480,039","$81,692,095"
268,空中巴德,"Aug 1, 1997",Comedy,PG,"$24,646,936","$45,266,588"
269,G.I.珍,"Aug 22, 1997",Drama,R,"$48,169,156","$88,467,531"
270,千亩,"Sep 19, 1997",Drama,R,"$7,928,412","$14,561,324"
271,华盛顿广场,"Oct 5, 1997",Drama,PG,"$1,775,644","$3,257,546"
272,火箭人,"Oct 10, 1997",Comedy,PG,"$15,448,043","$28,371,890"
273,扮演上帝,"Oct 17, 1997",Thriller/Suspense,R,"$4,166,918","$7,652,965"
274,魔法弹,"Nov 26, 1997",Comedy,PG,"$92,993,801","$170,406,423"
275,美国狼人在巴黎,"Dec 25, 1997",Horror,R,"$26,570,463","$48,546,161"
276,麦谷先生,"Dec 25, 1997",Comedy,PG,"$21,437,192","$39,145,784"
277,昆敦,"Dec 25, 1997",Drama,PG-13,"$5,686,694","$10,236,836"
278,深海求生,"Jan 30, 1998",Action,R,"$11,203,026","$20,136,775"
279,克里彭道夫的部落,"Feb 27, 1998",Comedy,PG-13,"$7,571,115","$13,608,633"
280,艾伦·史密斯之作：燃烧好莱坞,"Feb 27, 1998",Comedy,R,"$45,779","$82,277"
281,遇见迪德尔斯,"Mar 27, 1998",Comedy,PG,"$4,356,126","$7,829,877"
282,他来打球,"May 1, 1998",Drama,R,"$21,567,853","$38,766,948"
283,马语者,"May 15, 1998",Drama,PG-13,"$75,383,563","$135,497,531"
284,六天七夜,"Jun 12, 1998",Romantic Comedy,PG-13,"$74,339,294","$133,620,516"
285,花木兰,"Jun 19, 1998",Adventure,G,"$120,620,254","$216,807,832"
286,世界末日,"Jul 1, 1998",Adventure,PG-13,"$201,578,182","$362,324,957"
287,简·奥斯汀的黑帮,"Jul 24, 1998",Comedy,PG-13,"$19,843,795","$35,668,055"
288,天生一对,"Jul 29, 1998",Comedy,PG,"$66,308,518","$119,185,667"
289,火光,"Sep 4, 1998",Drama,R,"$784,419","$1,409,943"
290,西蒙·伯奇,"Sep 11, 1998",Drama,PG,"$18,253,415","$32,809,442"
291,圣人,"Oct 9, 1998",Comedy,PG,"$12,069,719","$21,694,605"
292,至爱,"Oct 16, 1998",Drama,R,"$22,852,487","$41,062,682"
293,水男孩,"Nov 6, 1998",Comedy,PG-13,"$161,491,646","$288,691,833"
294,圣诞我在家,"Nov 13, 1998",Comedy,PG,"$12,214,338","$21,941,840"
295,虫虫特工队,"Nov 20, 1998",Adventure,G,"$162,798,565","$288,981,698"
296,国家公敌,"Nov 20, 1998",Action,R,"$111,549,836","$198,472,008"
297,拉什莫尔,"Dec 11, 1998",Black Comedy,R,"$17,105,219","$28,392,518"
298,诉讼风云,"Dec 25, 1998",Drama,PG-13,"$56,709,981","$94,139,530"
299,强壮的乔·杨,"Dec 25, 1998",Adventure,PG,"$50,632,037","$87,906,042"
300,我最喜爱的火星人,"Feb 12, 1999",Comedy,PG,"$36,850,101","$61,150,849"
301,另一个姐妹,"Feb 26, 1999",Romantic Comedy,PG-13,"$27,807,627","$46,145,331"
302,道格的首部电影,"Mar 26, 1999",Adventure,G,"$19,421,271","$32,228,598"
303,我讨厌你的十件事,"Mar 31, 1999",Romantic Comedy,PG-13,"$38,177,966","$63,354,375"
304,耐力,"May 14, 1999",,PG,"$229,128","$380,218"
305,本能,"Jun 4, 1999",Drama,R,"$34,105,207","$56,595,842"
306,泰山,"Jun 16, 1999",Adventure,G,"$171,091,819","$283,900,254"
307,山姆的夏日,"Jul 2, 1999",Drama,R,"$19,288,130","$32,007,656"
308,神探加杰特,"Jul 23, 1999",Comedy,PG,"$97,387,965","$161,610,341"
309,第六感,"Aug 6, 1999",Thriller/Suspense,PG-13,"$293,506,292","$485,424,724"
310,第十三勇士,"Aug 27, 1999",Action,R,"$32,698,899","$54,262,148"
311,冠军的早餐,"Sep 17, 1999",Comedy,R,"$178,287","$295,851"
312,曼福德,"Sep 24, 1999",Comedy,R,"$4,559,569","$7,566,363"
313,阿拉斯加之谜,"Oct 1, 1999",Comedy,R,"$8,891,623","$14,755,189"
314,直线故事,"Oct 15, 1999",Drama,G,"$6,197,866","$10,111,144"
315,内幕,"Nov 5, 1999",Drama,R,"$28,965,197","$47,794,214"
316,玩具总动员2,"Nov 19, 1999",Adventure,G,"$245,852,179","$404,450,426"
317,摇篮将摇响,"Dec 8, 1999",Drama,R,"$2,899,970","$4,609,153"
318,男妓大管家,"Dec 10, 1999",Comedy,R,"$65,535,067","$106,921,374"
319,两百年人,"Dec 17, 1999",Drama,PG,"$58,220,776","$94,838,225"
320,玩命到底,"Dec 24, 1999",Comedy,R,"$8,427,204","$13,180,524"
321,幻想曲2000（IMAX）,"Jan 1, 2000",Musical,G,"$60,507,228","$94,852,354"
322,枪胆风暴,"Feb 4, 2000",Comedy,R,"$1,638,202","$2,562,155"
323,小虎历险记,"Feb 11, 2000",Adventure,G,"$45,542,421","$71,228,678"
324,火星任务,"Mar 10, 2000",Adventure,PG,"$60,874,615","$95,208,344"
325,高保真,"Mar 31, 2000",Comedy,R,"$27,277,055","$42,661,516"
326,坚守信念,"Apr 14, 2000",Romantic Comedy,PG-13,"$37,036,404","$57,925,202"
327,恐龙,"May 19, 2000",Adventure,PG,"$137,748,063","$215,438,985"
328,上海正午,"May 26, 2000",Western,PG-13,"$56,932,305","$89,042,541"
329,60秒极速杀机,"Jun 9, 2000",Action,PG-13,"$101,643,008","$158,970,411"
330,幻想曲2000（院线版）,"Jun 16, 2000",Musical,G,"$9,103,630","$14,238,144"
331,孩子,"Jul 7, 2000",Comedy,PG,"$69,688,384","$108,993,148"
332,丑陋的土狼,"Aug 4, 2000",Drama,PG-13,"$60,786,269","$95,070,168"
333,船员,"Aug 25, 2000",Comedy,PG-13,"$13,019,253","$20,362,201"
334,二重奏,"Sep 15, 2000",Drama,R,"$4,734,235","$7,404,372"
335,记住泰坦,"Sep 29, 2000",Drama,PG,"$115,654,751","$180,742,479"
336,坚不可摧,"Nov 22, 2000",Thriller/Suspense,PG-13,"$94,999,143","$148,208,901"
337,102斑点狗,"Nov 22, 2000",Comedy,G,"$66,941,559","$104,055,039"
338,皇帝的新旋律,"Dec 15, 2000",Adventure,G,"$89,296,573","$136,789,252"
339,哥们，你在哪里？,"Dec 22, 2000",Comedy,PG-13,"$45,506,619","$67,922,002"
340,倍增惊魂,"Jan 12, 2001",Action,PG-13,"$29,823,162","$44,418,589"
341,课间休息：放学了,"Feb 16, 2001",Comedy,G,"$36,696,761","$54,656,124"
342,逗留一下,"Apr 6, 2001",Comedy,PG-13,"$4,777,007","$7,114,869"
343,珍珠港,"May 25, 2001",Action,PG-13,"$198,539,855","$295,705,112"
344,亚特兰蒂斯：失落帝国,"Jun 8, 2001",Adventure,PG,"$84,052,762","$125,188,122"
345,疯狂／美丽,"Jun 29, 2001",Drama,PG-13,"$16,929,123","$25,214,223"
346,公主日记,"Aug 3, 2001",Comedy,G,"$108,244,774","$161,218,928"
347,泡泡男孩,"Aug 24, 2001",Comedy,PG-13,"$5,002,310","$7,450,434"
348,麦克斯·基布尔的大冒险,"Oct 5, 2001",Comedy,PG,"$17,292,381","$25,749,730"
349,科基·罗曼诺,"Oct 12, 2001",Comedy,PG-13,"$23,978,402","$35,705,805"
350,高跟与低跟,"Oct 26, 2001",,R,"$226,792","$337,782"
351,怪兽公司,"Nov 2, 2001",Adventure,G,"$289,423,425","$416,073,179"
352,冷酷无情,"Nov 21, 2001",Comedy,PG-13,"$13,906,394","$20,700,691"
353,天才一家,"Dec 14, 2001",Black Comedy,R,"$52,353,636","$76,758,193"
354,美女与野兽（IMAX）,"Jan 1, 2002",Musical,G,"$25,487,028","$36,980,311"
355,弗兰克·麦克克卢斯基刑警,"Jan 1, 2002",,,$0,$0
356,雪地猎犬,"Jan 18, 2002",Comedy,PG,"$81,150,692","$117,745,317"
357,基督山伯爵,"Jan 25, 2002",Drama,PG-13,"$54,228,104","$78,682,079"
358,小飞侠：再回梦幻岛,"Feb 15, 2002",Adventure,G,"$48,430,258","$70,269,715"
359,火海危机,"Feb 19, 2002",Action,PG-13,"$43,061,982","$62,480,631"
360,女团小子,"Mar 22, 2002",Comedy,R,"$10,198,766","$14,797,862"
361,菜鸟新兵,"Mar 29, 2002",Drama,G,"$75,600,072","$109,691,666"
362,大麻烦,"Apr 5, 2002",Comedy,PG-13,"$7,262,288","$10,537,188"
363,终极X大电影,"May 10, 2002",Documentary,PG,"$4,197,175","$6,089,874"
364,坏公司,"Jun 7, 2002",Action,PG-13,"$30,157,016","$43,756,218"
365,丽娅与史迪奇,"Jun 21, 2002",Adventure,PG,"$145,771,527","$211,506,702"
366,国家熊,"Jul 26, 2002",Adventure,G,"$16,988,996","$24,650,121"
367,预兆,"Aug 2, 2002",Thriller/Suspense,PG-13,"$227,965,690","$330,754,439"
368,千与千寻,"Sep 20, 2002",Adventure,PG,"$10,049,886","$14,338,992"
369,家有阿拉巴马,"Sep 27, 2002",Comedy,PG-13,"$127,214,072","$184,521,151"
370,月光大道,"Sep 27, 2002",Drama,PG-13,"$6,830,957","$9,909,094"
371,永恒的塔克,"Oct 11, 2002",Drama,PG,"$19,161,999","$27,789,959"
372,圣诞老人条款2,"Nov 1, 2002",Comedy,G,"$139,225,854","$201,959,095"
373,寻宝星球,"Nov 27, 2002",Adventure,PG,"$38,120,554","$55,189,145"
374,火辣女郎,"Dec 13, 2002",Comedy,PG-13,"$35,081,550","$50,624,654"
375,第二十五小时,"Dec 19, 2002",Drama,R,"$13,084,595","$18,325,463"
376,招募,"Jan 31, 2003",Thriller/Suspense,PG-13,"$52,784,696","$73,793,522"
377,上海骑士,"Feb 7, 2003",Adventure,PG-13,"$60,470,220","$84,537,962"
378,森林王子2,"Feb 14, 2003",Adventure,G,"$47,901,582","$66,966,883"
379,搞定大富翁,"Mar 7, 2003",Comedy,PG-13,"$132,675,402","$185,481,530"
380,小猪历险记,"Mar 21, 2003",Comedy,G,"$23,103,423","$32,298,812"
381,深渊幽灵,"Apr 11, 2003",Documentary,G,"$17,093,668","$23,803,108"
382,地穴,"Apr 18, 2003",Drama,PG,"$67,383,924","$94,203,395"
383,丽兹的电影,"May 2, 2003",Comedy,PG,"$42,734,455","$59,743,191"
384,海底总动员,"May 30, 2003",Adventure,G,"$380,529,370","$518,148,559"
385,加勒比海盗：黑珍珠号的诅咒,"Jul 9, 2003",Adventure,PG-13,"$305,411,224","$426,967,926"
386,疯狂星期五,"Aug 6, 2003",Comedy,PG,"$110,222,438","$154,090,360"
387,开放的牧场,"Aug 15, 2003",Western,R,"$58,331,254","$81,547,672"
388,冷溪庄园,"Sep 19, 2003",Thriller/Suspense,R,"$21,384,035","$29,895,090"
389,在托斯卡纳的阳光下,"Sep 26, 2003",Comedy,PG-13,"$43,601,508","$60,944,053"
390,维罗妮卡·盖瑞,"Oct 17, 2003",Drama,R,"$1,569,918","$2,194,759"
391,熊的兄弟情,"Oct 24, 2003",Adventure,G,"$85,336,277","$119,218,333"
392,鬼屋,"Nov 26, 2003",Comedy,PG,"$75,817,994","$105,775,678"
393,日历女孩,"Dec 19, 2003",Comedy,PG-13,"$31,011,616","$42,379,650"
394,年轻的黑骏马,"Dec 25, 2003",Adventure,G,"$6,751,389","$9,254,344"
395,教师的宠物,"Jan 16, 2004",Comedy,PG,"$6,491,969","$8,812,764"
396,奇迹,"Feb 6, 2004",Drama,PG,"$64,378,093","$87,392,478"
397,青春告白,"Feb 20, 2004",Comedy,PG,"$29,331,068","$39,816,568"
398,希达尔戈,"Mar 5, 2004",Western,PG-13,"$67,286,731","$91,340,921"
399,女杀手,"Mar 26, 2004",Comedy,R,"$39,692,139","$53,881,593"
400,牧场之家好作伴,"Apr 2, 2004",Comedy,PG,"$50,026,353","$67,910,166"
401,阿拉莫,"Apr 9, 2004",Western,PG-13,"$22,406,362","$30,416,359"
402,海伦成长记,"May 28, 2004",Comedy,PG-13,"$37,485,528","$50,886,144"
403,80天环游地球,"Jun 16, 2004",Adventure,PG,"$24,004,159","$32,585,356"
404,美国心灵,"Jul 2, 2004",Documentary,Not Rated,"$314,000","$426,246"
405,亚瑟王,"Jul 7, 2004",Adventure,PG-13,"$51,877,963","$70,423,706"
406,寂静村庄,"Jul 30, 2004",Thriller/Suspense,PG-13,"$114,197,520","$155,021,748"
407,公主日记2：皇室订婚,"Aug 11, 2004",Romantic Comedy,G,"$95,149,435","$129,164,207"
408,3000先生,"Sep 17, 2004",Comedy,PG-13,"$21,800,302","$29,593,641"
409,最后一击,"Sep 24, 2004",Comedy,R,"$463,730","$629,502"
410,49号消防梯,"Oct 1, 2004",Action,PG-13,"$74,541,707","$101,161,045"
411,超人总动员,"Nov 5, 2004",Adventure,PG,"$261,441,092","$354,488,708"
412,国家宝藏,"Nov 19, 2004",Adventure,PG,"$173,005,002","$234,069,353"
413,史蒂夫·齐佐的水上生活,"Dec 10, 2004",Comedy,R,"$24,006,726","$32,198,655"
414,深海异形,"Jan 28, 2005",Documentary,G,"$8,968,684","$11,740,942"
415,小熊维尼的赫夫隆普大冒险,"Feb 11, 2005",Adventure,G,"$18,098,433","$23,801,835"
416,奶爸保镖,"Mar 4, 2005",Comedy,PG,"$113,006,880","$148,619,029"
417,冰上公主,"Mar 18, 2005",Comedy,G,"$24,381,334","$32,064,685"
418,真爱如此相似,"Apr 22, 2005",Comedy,PG-13,"$21,835,784","$28,716,947"
419,银河系漫游指南,"Apr 29, 2005",Comedy,PG,"$51,019,112","$67,096,891"
420,哈尔的移动城堡,"Jun 10, 2005",Adventure,PG,"$4,710,455","$6,194,870"
421,小甲虫：极速狂飙,"Jun 22, 2005",Comedy,G,"$66,010,682","$86,812,798"
422,黑暗之水,"Jul 8, 2005",Thriller/Suspense,PG-13,"$25,473,093","$33,500,491"
423,天降英雄,"Jul 29, 2005",Adventure,PG,"$63,939,454","$84,088,854"
424,勇敢的小鸽子,"Aug 19, 2005",Adventure,G,"$19,478,106","$25,616,292"
425,失踪航班,"Sep 23, 2005",Thriller/Suspense,PG-13,"$89,706,988","$117,960,425"
426,史上最伟大的比赛,"Sep 30, 2005",Drama,PG,"$15,331,289","$20,162,672"
427,购物女郎,"Oct 21, 2005",Drama,R,"$10,284,523","$13,519,621"
428,小鸡快跑,"Nov 4, 2005",Adventure,G,"$135,386,665","$177,954,661"
429,纳尼亚传奇：狮子、女巫和魔衣橱,"Dec 9, 2005",Adventure,PG,"$291,710,957","$381,557,539"
430,卡萨诺瓦,"Dec 25, 2005",Drama,R,"$11,304,403","$14,574,087"
431,荣耀之路,"Jan 13, 2006",Drama,PG,"$42,647,449","$54,888,236"
432,安纳波利斯,"Jan 27, 2006",Drama,PG-13,"$17,127,992","$22,044,113"
433,漫步火星,"Jan 27, 2006",Documentary,G,"$10,407,978","$12,948,025"
434,南极大冒险,"Feb 17, 2006",Adventure,PG,"$81,612,565","$105,037,235"
435,蓬松狗,"Mar 10, 2006",Comedy,PG,"$61,123,569","$78,667,428"
436,生存游戏,"Mar 24, 2006",Horror,PG-13,"$23,086,480","$29,712,825"
437,野性大冒险,"Apr 14, 2006",Adventure,G,"$37,384,046","$48,114,115"
438,挑战体操,"Apr 28, 2006",Comedy,PG-13,"$26,910,736","$34,634,731"
439,进球！梦想开始,"May 12, 2006",Drama,PG,"$4,283,255","$5,512,647"
440,赛车总动员,"Jun 9, 2006",Comedy,G,"$244,082,982","$314,140,384"
441,加勒比海盗：聚魂棺,"Jul 7, 2006",Adventure,PG-13,"$423,315,812","$544,817,142"
442,舞出我人生,"Aug 11, 2006",Drama,PG-13,"$65,328,121","$84,078,780"
443,不败英豪,"Aug 25, 2006",Drama,PG,"$57,806,952","$74,398,864"
444,守护者,"Sep 29, 2006",Action,PG-13,"$55,011,732","$70,801,353"
445,致命魔术,"Oct 20, 2006",Thriller/Suspense,PG-13,"$53,089,891","$68,289,913"
446,蒂姆·波顿的圣诞夜惊魂,"Oct 20, 2006",Musical,PG,"$24,732,041","$30,737,517"
447,圣诞老人3：逃脱法则,"Nov 3, 2006",Comedy,G,"$84,500,122","$108,694,869"
448,既视感,"Nov 22, 2006",Thriller/Suspense,PG-13,"$64,038,616","$82,267,038"
449,末日浩劫,"Dec 8, 2006",Adventure,R,"$50,866,635","$64,959,548"
450,史前秘境,"Jan 12, 2007",Adventure,R,"$10,597,734","$12,985,302"
451,通往特比西亚的桥,"Feb 16, 2007",Drama,PG,"$82,234,139","$100,760,721"
452,疯狂野猪,"Mar 2, 2007",Comedy,PG-13,"$168,213,584","$206,110,533"
453,来见罗宾逊一家,"Mar 30, 2007",Adventure,G,"$97,822,171","$119,860,589"
454,守望者,"Mar 30, 2007",Drama,R,"$4,600,585","$5,637,048"
455,骗局,"Apr 6, 2007",Drama,R,"$7,164,995","$8,779,196"
456,隐形人,"Apr 27, 2007",Thriller/Suspense,PG-13,"$20,568,319","$25,202,168"
457,加勒比海盗：世界尽头,"May 24, 2007",Adventure,PG-13,"$309,420,425","$379,129,960"
458,美食总动员,"Jun 29, 2007",Comedy,G,"$206,445,654","$252,955,933"
459,弱势英雄,"Aug 3, 2007",Adventure,PG,"$43,760,605","$53,619,462"
460,游戏计划,"Sep 22, 2007",Comedy,PG,"$90,648,202","$111,010,758"
461,真实的丹,"Oct 20, 2007",Romantic Comedy,PG-13,"$47,642,963","$58,350,234"
462,魔法奇缘,"Nov 21, 2007",Romantic Comedy,PG,"$127,706,877","$156,074,310"
463,国家宝藏2：秘密之书,"Dec 21, 2007",Adventure,PG,"$219,961,501","$267,003,525"
464,汉娜·蒙塔娜/麦莉·赛勒斯：双面世界演唱会,"Feb 1, 2008",Concert/Performance,G,"$65,281,781","$76,646,993"
465,舞出我人生2：街舞之路,"Feb 14, 2008",Drama,PG-13,"$58,017,783","$68,118,371"
466,大学之旅,"Mar 7, 2008",Comedy,G,"$45,610,425","$53,550,960"
467,纳尼亚传奇：凯斯宾王子,"May 16, 2008",Adventure,PG,"$141,621,490","$166,277,038"
468,机器人总动员,"Jun 27, 2008",Adventure,G,"$223,808,164","$262,771,918"
469,摇摆投票,"Aug 1, 2008",Comedy,PG-13,"$16,289,867","$19,125,841"
470,进球！2：追梦之路,"Aug 29, 2008",Drama,PG-13,"$225,067","$264,247"
471,圣安娜奇迹,"Sep 26, 2008",Drama,R,"$7,916,887","$9,295,171"
472,比佛利山的吉娃娃,"Oct 3, 2008",Comedy,PG,"$94,514,402","$110,932,022"
473,晨光,"Oct 17, 2008",Documentary,PG,"$275,093","$322,979"
474,歌舞青春3：毕业季,"Oct 24, 2008",Musical,G,"$90,559,416","$106,308,538"
475,雷霆战狗,"Nov 21, 2008",Comedy,PG,"$114,053,759","$133,702,498"
476,睡前故事,"Dec 25, 2008",Comedy,PG,"$110,101,975","$128,039,679"
477,购物狂的自白,"Feb 13, 2009",Romantic Comedy,PG,"$44,277,350","$49,767,744"
478,乔纳斯兄弟3D演唱会体验,"Feb 27, 2009",Concert/Performance,G,"$38,174,685","$38,174,685"
479,巫山历险,"Mar 13, 2009",Adventure,PG,"$67,172,594","$75,501,997"
480,汉娜·蒙塔娜大电影,"Apr 10, 2009",Drama,G,"$79,576,189","$89,443,640"
481,地球,"Apr 22, 2009",Documentary,G,"$32,011,576","$35,981,010"
482,飞屋环游记,"May 29, 2009",Adventure,PG,"$293,004,164","$329,336,681"
483,求婚计划,"Jun 19, 2009",Romantic Comedy,PG-13,"$163,958,031","$184,288,829"
484,超能小分队,"Jul 24, 2009",Adventure,PG,"$119,436,770","$134,246,932"
485,悬崖上的金鱼姬,"Aug 14, 2009",Adventure,G,"$15,090,399","$16,961,607"
486,X运动会3D电影,"Aug 21, 2009",Documentary,PG,"$1,391,434","$1,563,976"
487,沃尔特与乐队,"Sep 10, 2009",Documentary,PG,"$20,521","$23,064"
488,替身危机,"Sep 25, 2009",Action,PG-13,"$38,577,772","$43,361,416"
489,玩具总动员3D双重体验,"Oct 2, 2009",Adventure,G,"$30,702,446","$34,509,545"
490,迪士尼圣诞颂歌,"Nov 6, 2009",Drama,PG,"$137,855,863","$154,927,105"
491,公主与青蛙,"Nov 25, 2009",Adventure,G,"$104,400,899","$116,316,457"
492,老爸当家,"Nov 25, 2009",Comedy,PG,"$49,492,060","$55,503,929"
493,情满罗马,"Jan 29, 2010",Romantic Comedy,PG-13,"$32,680,633","$34,917,330"
494,爱丽丝梦游仙境,"Mar 5, 2010",Adventure,PG,"$334,191,110","$357,063,499"
495,唤醒沉睡的美人,"Mar 26, 2010",Documentary,PG,"$80,741","$86,264"
496,最后的歌,"Mar 31, 2010",Drama,PG,"$62,950,384","$67,258,772"
497,海洋,"Apr 22, 2010",Documentary,G,"$19,422,319","$20,751,600"
498,波斯王子：时之沙,"May 28, 2010",Action,PG-13,"$90,759,676","$96,971,361"
499,玩具总动员3,"Jun 18, 2010",Adventure,G,"$415,004,880","$443,408,255"
500,魔法师的学徒,"Jul 14, 2010",Adventure,PG,"$63,150,991","$67,473,105"
501,舞出我人生3D,"Aug 6, 2010",Drama,PG-13,"$42,400,223","$45,302,137"
502,地海战记,"Aug 13, 2010",Adventure,PG-13,"$48,658","$51,988"
503,你又来了,"Sep 24, 2010",Comedy,PG,"$25,702,053","$27,461,121"
504,传奇赛马,"Oct 8, 2010",Drama,PG,"$59,699,513","$63,781,920"
505,魔发奇缘,"Nov 24, 2010",Adventure,PG,"$200,821,936","$214,388,548"
506,创：战纪,"Dec 17, 2010",Adventure,PG,"$172,062,763","$183,619,259"
507,格诺与朱丽叶,"Feb 11, 2011",Comedy,G,"$99,967,670","$106,270,797"
508,我是第四号,"Feb 18, 2011",Adventure,PG-13,"$55,100,437","$58,574,607"
509,火星也需要妈妈,"Mar 11, 2011",Adventure,PG,"$21,392,758","$22,741,603"
510,非洲猫,"Apr 22, 2011",Documentary,G,"$15,428,747","$16,401,551"
511,佐科蒙,"Apr 22, 2011",Adventure,PG,"$2,815","$2,984"
512,舞会,"Apr 29, 2011",Comedy,PG,"$10,130,219","$10,768,946"
513,加勒比海盗：惊涛怪浪,"May 20, 2011",Adventure,PG-13,"$241,063,875","$256,263,359"
514,汽车总动员2,"Jun 24, 2011",Adventure,G,"$191,450,875","$203,522,177"
515,小熊维尼,"Jul 15, 2011",Adventure,G,"$26,692,846","$28,375,869"
516,相助,"Aug 10, 2011",Drama,PG-13,"$169,705,587","$180,404,976"
517,恐怖之夜,"Aug 19, 2011",Horror,R,"$18,298,649","$19,452,402"
518,铁甲钢拳,"Oct 7, 2011",Action,PG-13,"$85,463,309","$90,848,019"
519,布偶大电影,"Nov 23, 2011",Comedy,PG,"$88,625,922","$94,189,503"
520,战马,"Dec 25, 2011",Drama,PG-13,"$79,883,359","$84,762,149"
521,借物少女艾莉蒂,"Feb 17, 2012",Adventure,G,"$19,192,510","$20,325,733"
522,火星人卡特,"Mar 9, 2012",Adventure,PG-13,"$73,058,679","$77,372,445"
523,黑猩猩,"Apr 20, 2012",Documentary,G,"$28,965,459","$30,675,725"
524,复仇者联盟,"May 4, 2012",Action,PG-13,"$623,279,547","$660,081,224"
525,勇敢传说,"Jun 22, 2012",Adventure,PG,"$237,282,182","$251,292,441"
526,像我们这样的人,"Jun 29, 2012",Drama,PG-13,"$12,431,792","$13,165,822"
527,蒂莫西·格林的奇异生活,"Aug 15, 2012",Drama,PG,"$51,853,450","$54,914,942"
528,弗兰肯维尼,"Oct 5, 2012",Comedy,PG,"$35,287,788","$37,363,513"
529,无敌破坏王,"Nov 2, 2012",Adventure,PG,"$189,412,677","$200,354,959"
530,林肯,"Nov 9, 2012",Drama,PG-13,"$182,207,973","$192,122,330"
531,奥兹大帝,"Mar 8, 2013",Adventure,PG,"$234,770,996","$243,434,130"
532,钢铁侠3,"May 3, 2013",Action,PG-13,"$408,992,272","$424,084,233"
533,怪兽大学,"Jun 21, 2013",Adventure,G,"$268,488,329","$278,395,641"
534,独行侠,"Jul 2, 2013",Western,PG-13,"$89,302,115","$92,597,388"
535,飞机总动员,"Aug 9, 2013",Comedy,PG,"$90,282,580","$93,614,037"
536,第五权力,"Oct 18, 2013",Drama,R,"$3,254,172","$3,374,251"
537,雷神2：黑暗世界,"Nov 8, 2013",Adventure,PG-13,"$206,362,140","$213,962,184"
538,起风了,"Nov 8, 2013",Drama,PG-13,"$5,201,879","$5,367,415"
539,冰雪奇缘,"Nov 22, 2013",Adventure,PG,"$400,738,009","$414,997,174"
540,送货上门,"Nov 22, 2013",Comedy,PG-13,"$30,659,817","$31,787,136"
541,拯救班克斯先生,"Dec 13, 2013",Drama,PG-13,"$83,299,761","$86,249,969"
542,急速追杀,"Mar 14, 2014",Action,PG-13,"$43,568,507","$44,955,015"
543,布偶大追捕,"Mar 21, 2014",Comedy,PG,"$51,178,893","$52,807,594"
544,美国队长2：冬日战士,"Apr 4, 2014",Action,PG-13,"$259,746,958","$268,013,076"
545,熊,"Apr 18, 2014",Documentary,G,"$17,780,194","$18,346,024"
546,百万美元神臂,"May 10, 2014",Drama,PG,"$36,447,959","$37,607,865"
547,黑魔女：沉睡魔咒,"May 30, 2014",Adventure,PG,"$241,407,328","$249,089,809"
548,飞机总动员2：火力救援,"Jul 18, 2014",Adventure,PG,"$59,157,732","$61,040,349"
549,银河护卫队,"Aug 1, 2014",Adventure,PG-13,"$333,172,112","$343,771,168"
550,百尺之旅,"Aug 8, 2014",Romantic Comedy,PG,"$54,235,441","$55,961,409"
551,亚历山大与糟糕透顶的一天,"Oct 10, 2014",Comedy,PG,"$66,954,149","$69,055,550"
552,超能陆战队,"Nov 7, 2014",Adventure,PG,"$222,527,828","$229,249,222"
553,魔法森林,"Dec 25, 2014",Musical,PG,"$128,002,372","$130,894,237"
554,怪诞魔法,"Jan 23, 2015",Adventure,PG,"$12,429,583","$12,429,583"
555,麦克法兰，美国,"Feb 20, 2015",Drama,PG,"$44,480,275","$44,480,275"
556,灰姑娘,"Mar 13, 2015",Drama,PG,"$201,151,353","$201,151,353"
557,猴子王国,"Apr 17, 2015",Documentary,G,"$16,432,322","$16,432,322"
558,复仇者联盟2：奥创纪元,"May 1, 2015",Action,PG-13,"$459,005,868","$459,005,868"
559,明日世界,"May 22, 2015",Adventure,PG,"$93,436,322","$93,436,322"
560,头脑特工队,"Jun 19, 2015",Adventure,PG,"$356,461,711","$356,461,711"
561,蚁人,"Jul 17, 2015",Action,PG-13,"$180,202,163","$180,202,163"
562,间谍之桥,"Oct 16, 2015",Thriller/Suspense,PG-13,"$72,313,754","$72,313,754"
563,恐龙当家,"Nov 25, 2015",Adventure,PG,"$123,087,120","$123,087,120"
564,星球大战7：原力觉醒,"Dec 18, 2015",Adventure,PG-13,"$936,662,225","$936,662,225"
565,最艰险时刻,"Jan 29, 2016",Thriller/Suspense,PG,"$27,569,558","$27,569,558"
566,疯狂动物城,"Mar 4, 2016",Adventure,PG,"$341,268,248","$341,268,248"
567,奇幻森林,"Apr 15, 2016",Adventure,PG,"$364,001,123","$364,001,123"
568,美丽星球,"Apr 29, 2016",Documentary,G,"$7,895,708","$7,895,708"
569,美国队长3：内战,"May 6, 2016",Action,PG-13,"$408,084,349","$408,084,349"
570,爱丽丝镜中奇遇,"May 27, 2016",Adventure,PG,"$77,042,381","$77,042,381"
571,海底总动员2：多莉去哪儿,"Jun 17, 2016",Adventure,PG,"$486,295,561","$486,295,561"
572,好心眼儿巨人,"Jul 1, 2016",Adventure,PG,"$55,483,770","$55,483,770"
573,彼得与龙,"Aug 12, 2016",Adventure,PG,"$76,233,151","$76,233,151"
574,两海之间的光,"Sep 2, 2016",Drama,PG-13,"$12,545,979","$12,545,979"
575,卡特维女王,"Sep 23, 2016",Drama,PG,"$8,874,389","$8,874,389"
576,奇异博士,"Nov 4, 2016",Adventure,PG-13,"$232,532,923","$232,532,923"
577,海洋奇缘,"Nov 23, 2016",Adventure,PG,"$246,082,029","$246,082,029"
578,星球大战外传：侠盗一号,"Dec 16, 2016",Adventure,PG-13,"$529,483,936","$529,483,936"
